INFO 2026-08-07 15:05:41,210 views 19128 18856 User logged in: jane
INFO 2026-08-07 15:05:44,614 emails 19128 18856 Email not sent (Welcome to Reeves Boutique) because SMTP is disabled in settings.
INFO 2026-08-07 15:05:49,856 emails 19128 18856 Email not sent (Order RB-260807-EFC720 received at Reeves Boutique) because SMTP is disabled in settings.
INFO 2026-08-07 15:05:50,279 emails 19128 18856 Email not sent (Order RB-260807-03A620 received at Reeves Boutique) because SMTP is disabled in settings.
INFO 2026-08-07 15:06:01,955 services 19128 18856 Restored 2 units of stock for cancelled/refunded order RB-260807-028B99
INFO 2026-08-07 15:06:01,965 manage_views 19128 18856 Order RB-260807-028B99 status changed to cancelled by admin
INFO 2026-08-07 15:06:02,139 views 19128 18856 M-Pesa payment confirmed for req-1 receipt PJX123ABC amount 2150.00
INFO 2026-08-07 15:06:02,155 views 19128 18856 M-Pesa callback already processed for req-1 (status completed)
INFO 2026-08-07 15:06:02,173 views 19128 18856 M-Pesa payment failed for req-1: The service request is processed successfully.
INFO 2026-08-07 15:06:02,190 views 19128 18856 M-Pesa payment confirmed for req-1 receipt PJX123ABC amount 2150.00
INFO 2026-08-07 15:06:02,594 emails 19128 18856 Email not sent (We received your message) because SMTP is disabled in settings.
INFO 2026-08-07 15:10:15,792 views 21024 20580 User logged in: jane
INFO 2026-08-07 15:10:17,369 emails 21024 20580 Email not sent (Welcome to Reeves Boutique) because SMTP is disabled in settings.
INFO 2026-08-07 15:10:19,890 emails 21024 20580 Email not sent (Order RB-260807-4CDC54 received at Reeves Boutique) because SMTP is disabled in settings.
INFO 2026-08-07 15:10:20,011 emails 21024 20580 Email not sent (Order RB-260807-CAC94E received at Reeves Boutique) because SMTP is disabled in settings.
INFO 2026-08-07 15:10:30,528 services 21024 20580 Restored 2 units of stock for cancelled/refunded order RB-260807-01A7E2
INFO 2026-08-07 15:10:30,530 manage_views 21024 20580 Order RB-260807-01A7E2 status changed to cancelled by admin
INFO 2026-08-07 15:10:30,585 views 21024 20580 M-Pesa payment confirmed for req-1 receipt PJX123ABC amount 2150.00
INFO 2026-08-07 15:10:30,600 views 21024 20580 M-Pesa callback already processed for req-1 (status completed)
INFO 2026-08-07 15:10:30,610 views 21024 20580 M-Pesa payment failed for req-1: The service request is processed successfully.
INFO 2026-08-07 15:10:30,627 views 21024 20580 M-Pesa payment confirmed for req-1 receipt PJX123ABC amount 2150.00
INFO 2026-08-07 15:10:30,780 emails 21024 20580 Email not sent (We received your message) because SMTP is disabled in settings.
INFO 2026-08-07 15:11:25,827 views 4328 12412 User logged in: jane
INFO 2026-08-07 15:11:27,048 emails 4328 12412 Email not sent (Welcome to Reeves Boutique) because SMTP is disabled in settings.
INFO 2026-08-07 15:11:29,309 emails 4328 12412 Email not sent (Order RB-260807-349C6E received at Reeves Boutique) because SMTP is disabled in settings.
INFO 2026-08-07 15:11:29,424 emails 4328 12412 Email not sent (Order RB-260807-42ED66 received at Reeves Boutique) because SMTP is disabled in settings.
INFO 2026-08-07 15:11:41,954 services 4328 12412 Restored 2 units of stock for cancelled/refunded order RB-260807-6F3B78
INFO 2026-08-07 15:11:41,958 manage_views 4328 12412 Order RB-260807-6F3B78 status changed to cancelled by admin
INFO 2026-08-07 15:11:42,011 views 4328 12412 M-Pesa payment confirmed for req-1 receipt PJX123ABC amount 2150.00
INFO 2026-08-07 15:11:42,020 views 4328 12412 M-Pesa callback already processed for req-1 (status completed)
INFO 2026-08-07 15:11:42,028 views 4328 12412 M-Pesa payment failed for req-1: The service request is processed successfully.
INFO 2026-08-07 15:11:42,043 views 4328 12412 M-Pesa payment confirmed for req-1 receipt PJX123ABC amount 2150.00
INFO 2026-08-07 15:11:42,268 emails 4328 12412 Email not sent (We received your message) because SMTP is disabled in settings.
INFO 2026-08-07 15:12:03,786 services 14016 9896 Restored 2 units of stock for cancelled/refunded order RB-260807-AA6F6F
INFO 2026-08-07 15:12:08,908 views 14016 9896 User logged in: jane
INFO 2026-08-07 15:12:10,300 emails 14016 9896 Email not sent (Welcome to Reeves Boutique) because SMTP is disabled in settings.
INFO 2026-08-07 15:12:13,141 emails 14016 9896 Email not sent (Order RB-260807-C3E860 received at Reeves Boutique) because SMTP is disabled in settings.
INFO 2026-08-07 15:12:13,299 emails 14016 9896 Email not sent (Order RB-260807-4B8F0C received at Reeves Boutique) because SMTP is disabled in settings.
INFO 2026-08-07 15:12:25,718 services 14016 9896 Restored 2 units of stock for cancelled/refunded order RB-260807-14C520
INFO 2026-08-07 15:12:25,721 manage_views 14016 9896 Order RB-260807-14C520 status changed to cancelled by admin
INFO 2026-08-07 15:12:25,757 views 14016 9896 M-Pesa payment confirmed for req-1 receipt PJX123ABC amount 2150.00
INFO 2026-08-07 15:12:25,764 views 14016 9896 M-Pesa callback already processed for req-1 (status completed)
INFO 2026-08-07 15:12:25,771 views 14016 9896 M-Pesa payment failed for req-1: The service request is processed successfully.
INFO 2026-08-07 15:12:25,785 views 14016 9896 M-Pesa payment confirmed for req-1 receipt PJX123ABC amount 2150.00
INFO 2026-08-07 15:12:25,935 emails 14016 9896 Email not sent (We received your message) because SMTP is disabled in settings.
INFO 2026-08-07 15:12:32,995 services 10000 22156 Restored 2 units of stock for cancelled/refunded order RB-260807-1831DE
INFO 2026-08-07 15:12:39,141 views 10000 22156 User logged in: jane
INFO 2026-08-07 15:12:41,981 emails 10000 22156 Email not sent (Welcome to Reeves Boutique) because SMTP is disabled in settings.
INFO 2026-08-07 15:12:46,560 emails 10000 22156 Email not sent (Order RB-260807-B9A880 received at Reeves Boutique) because SMTP is disabled in settings.
INFO 2026-08-07 15:12:46,705 emails 10000 22156 Email not sent (Order RB-260807-1A187D received at Reeves Boutique) because SMTP is disabled in settings.
INFO 2026-08-07 15:13:01,128 services 10000 22156 Restored 2 units of stock for cancelled/refunded order RB-260807-C9BAEE
INFO 2026-08-07 15:13:01,132 manage_views 10000 22156 Order RB-260807-C9BAEE status changed to cancelled by admin
INFO 2026-08-07 15:13:01,168 views 10000 22156 M-Pesa payment confirmed for req-1 receipt PJX123ABC amount 2150.00
INFO 2026-08-07 15:13:01,174 views 10000 22156 M-Pesa callback already processed for req-1 (status completed)
INFO 2026-08-07 15:13:01,185 views 10000 22156 M-Pesa payment failed for req-1: The service request is processed successfully.
INFO 2026-08-07 15:13:01,195 views 10000 22156 M-Pesa payment confirmed for req-1 receipt PJX123ABC amount 2150.00
INFO 2026-08-07 15:13:01,324 emails 10000 22156 Email not sent (We received your message) because SMTP is disabled in settings.
INFO 2026-08-07 15:13:25,925 services 9508 19824 Restored 2 units of stock for cancelled/refunded order RB-260807-8D10DB
INFO 2026-08-07 15:13:30,026 views 9508 19824 User logged in: jane
INFO 2026-08-07 15:13:31,063 emails 9508 19824 Email not sent (Welcome to Reeves Boutique) because SMTP is disabled in settings.
INFO 2026-08-07 15:13:33,107 emails 9508 19824 Email not sent (Order RB-260807-F68106 received at Reeves Boutique) because SMTP is disabled in settings.
INFO 2026-08-07 15:13:33,204 emails 9508 19824 Email not sent (Order RB-260807-18AA12 received at Reeves Boutique) because SMTP is disabled in settings.
INFO 2026-08-07 15:13:55,300 services 9508 19824 Restored 2 units of stock for cancelled/refunded order RB-260807-6824C8
INFO 2026-08-07 15:13:55,302 manage_views 9508 19824 Order RB-260807-6824C8 status changed to cancelled by admin
INFO 2026-08-07 15:13:55,394 views 9508 19824 M-Pesa payment confirmed for req-1 receipt PJX123ABC amount 2150.00
INFO 2026-08-07 15:13:55,405 views 9508 19824 M-Pesa callback already processed for req-1 (status completed)
INFO 2026-08-07 15:13:55,416 views 9508 19824 M-Pesa payment failed for req-1: The service request is processed successfully.
INFO 2026-08-07 15:13:55,446 views 9508 19824 M-Pesa payment confirmed for req-1 receipt PJX123ABC amount 2150.00
INFO 2026-08-07 15:13:55,683 emails 9508 19824 Email not sent (We received your message) because SMTP is disabled in settings.
INFO 2026-08-07 15:15:01,836 basehttp 8268 19892 "GET / HTTP/1.1" 200 57424
INFO 2026-08-07 15:15:02,058 basehttp 8268 19892 "GET /products/ HTTP/1.1" 200 33092
INFO 2026-08-07 15:15:02,342 basehttp 8268 19892 "GET /account/login/ HTTP/1.1" 200 5789
ERROR 2026-08-07 15:15:02,466 log 8268 19892 Internal Server Error: /sitemap.xml
Traceback (most recent call last):
  File "C:\Users\ADMIN\OneDrive\Desktop\e-comerce\reeves_boutique_django\.venv\Lib\site-packages\django\core\handlers\exception.py", line 55, in inner
    response = get_response(request)
  File "C:\Users\ADMIN\OneDrive\Desktop\e-comerce\reeves_boutique_django\.venv\Lib\site-packages\django\core\handlers\base.py", line 197, in _get_response
    response = wrapped_callback(request, *callback_args, **callback_kwargs)
  File "C:\Users\ADMIN\OneDrive\Desktop\e-comerce\reeves_boutique_django\.venv\Lib\site-packages\django\contrib\sitemaps\views.py", line 23, in inner
    response = func(request, *args, **kwargs)
  File "C:\Users\ADMIN\OneDrive\Desktop\e-comerce\reeves_boutique_django\.venv\Lib\site-packages\django\contrib\sitemaps\views.py", line 117, in sitemap
    urls.extend(site.get_urls(page=page, site=req_site, protocol=req_protocol))
                ~~~~~~~~~~~~~^^^^^^^^^^^^^^^^^^^^^^^^^^^^^^^^^^^^^^^^^^^^^^^^^
  File "C:\Users\ADMIN\OneDrive\Desktop\e-comerce\reeves_boutique_django\.venv\Lib\site-packages\django\contrib\sitemaps\__init__.py", line 104, in get_urls
    return self._urls(page, protocol, domain)
           ~~~~~~~~~~^^^^^^^^^^^^^^^^^^^^^^^^
  File "C:\Users\ADMIN\OneDrive\Desktop\e-comerce\reeves_boutique_django\.venv\Lib\site-packages\django\contrib\sitemaps\__init__.py", line 124, in _urls
    loc = f"{protocol}://{domain}{self._location(item)}"
                                  ~~~~~~~~~~~~~~^^^^^^
  File "C:\Users\ADMIN\OneDrive\Desktop\e-comerce\reeves_boutique_django\.venv\Lib\site-packages\django\contrib\sitemaps\__init__.py", line 69, in _location
    return self._get("location", item)
           ~~~~~~~~~^^^^^^^^^^^^^^^^^^
  File "C:\Users\ADMIN\OneDrive\Desktop\e-comerce\reeves_boutique_django\.venv\Lib\site-packages\django\contrib\sitemaps\__init__.py", line 39, in _get
    return attr(item)
  File "C:\Users\ADMIN\OneDrive\Desktop\e-comerce\reeves_boutique_django\.venv\Lib\site-packages\django\contrib\sitemaps\__init__.py", line 79, in location
    return item.get_absolute_url()
           ^^^^^^^^^^^^^^^^^^^^^
AttributeError: 'Product' object has no attribute 'get_absolute_url'
ERROR 2026-08-07 15:15:02,479 basehttp 8268 19892 "GET /sitemap.xml HTTP/1.1" 500 100333
INFO 2026-08-07 15:15:50,226 basehttp 20436 8060 "GET / HTTP/1.1" 200 57424
INFO 2026-08-07 15:15:50,448 basehttp 20436 8060 "GET /products/ HTTP/1.1" 200 33092
INFO 2026-08-07 15:15:50,561 basehttp 20436 8060 "GET /account/login/ HTTP/1.1" 200 5789
INFO 2026-08-07 15:15:50,686 basehttp 20436 8060 "GET /sitemap.xml HTTP/1.1" 200 9861
INFO 2026-08-07 15:15:50,760 basehttp 20436 8060 "GET /robots.txt HTTP/1.1" 200 191
INFO 2026-08-07 15:15:50,835 basehttp 20436 8060 "GET /manage/ HTTP/1.1" 302 0
INFO 2026-08-07 15:15:51,280 basehttp 20436 8060 "GET /contact/ HTTP/1.1" 200 6145
INFO 2026-08-07 15:15:51,397 basehttp 20436 8060 "GET /cart/ HTTP/1.1" 200 5091
INFO 2026-08-07 15:15:51,459 basehttp 20436 8060 "GET /wishlist/ HTTP/1.1" 302 0
INFO 2026-08-07 15:15:51,617 basehttp 20436 8060 "GET /products/kids-winter-boots/ HTTP/1.1" 200 17726
INFO 2026-08-07 15:18:15,992 autoreload 6768 13440 Watching for file changes with StatReloader
INFO 2026-08-07 15:18:35,462 basehttp 6768 14276 "GET / HTTP/1.1" 200 57424
INFO 2026-08-07 15:18:35,722 basehttp 6768 16784 "GET /static/store.js HTTP/1.1" 200 3691
INFO 2026-08-07 15:18:35,731 basehttp 6768 14276 "GET /static/store.css HTTP/1.1" 200 36081
WARNING 2026-08-07 15:18:36,466 basehttp 6768 14276 "GET /favicon.ico HTTP/1.1" 404 20509
INFO 2026-08-07 15:18:47,807 basehttp 6768 14276 "GET /products/?sort=newest HTTP/1.1" 200 33152
INFO 2026-08-07 15:18:59,837 basehttp 6768 14276 "GET /products/?q=&category=accessories&brand=Men%27s+Fashion&min_price=&max_price=&min_rating= HTTP/1.1" 200 8711
INFO 2026-08-07 15:19:01,438 basehttp 6768 14276 "GET /products/ HTTP/1.1" 200 33092
INFO 2026-08-07 15:19:03,100 basehttp 6768 14276 "GET /products/kids-backpack/ HTTP/1.1" 200 17703
INFO 2026-08-07 15:19:04,657 basehttp 6768 14276 "POST /cart/add/55/ HTTP/1.1" 302 0
INFO 2026-08-07 15:19:04,697 basehttp 6768 14276 "GET /cart/ HTTP/1.1" 200 7372
INFO 2026-08-07 15:19:06,461 basehttp 6768 14276 "GET /checkout/ HTTP/1.1" 200 8634
INFO 2026-08-07 15:19:10,910 emails 6768 14276 Email not sent (Order RB-260807-C98CBD received at Reeves Boutique) because SMTP is disabled in settings.
INFO 2026-08-07 15:19:11,009 basehttp 6768 14276 "POST /checkout/ HTTP/1.1" 302 0
INFO 2026-08-07 15:19:11,143 basehttp 6768 14276 "GET /orders/RB-260807-C98CBD/ HTTP/1.1" 200 6171
INFO 2026-08-07 15:19:25,498 basehttp 6768 14276 "GET /wishlist/ HTTP/1.1" 302 0
INFO 2026-08-07 15:19:25,512 basehttp 6768 14276 "GET /account/login/?next=/wishlist/ HTTP/1.1" 200 5805
INFO 2026-08-07 15:19:27,154 basehttp 6768 14276 "GET /cart/ HTTP/1.1" 200 5091
INFO 2026-08-07 15:19:28,309 basehttp 6768 14276 "GET /account/login/ HTTP/1.1" 200 5789
INFO 2026-08-07 15:19:34,488 basehttp 6768 14276 "GET / HTTP/1.1" 200 57424
INFO 2026-08-07 15:19:36,706 basehttp 6768 14276 "GET /products/?category=accessories HTTP/1.1" 200 24666
INFO 2026-08-07 15:19:42,309 basehttp 6768 14276 "GET /products/oversized-sunglasses/ HTTP/1.1" 200 17788
INFO 2026-08-07 15:19:48,436 basehttp 6768 14276 "GET /account/login/ HTTP/1.1" 200 5789
INFO 2026-08-07 15:19:54,660 basehttp 6768 14276 "POST /account/login/ HTTP/1.1" 200 5906
INFO 2026-08-07 15:19:59,311 basehttp 6768 14276 "POST /account/login/ HTTP/1.1" 200 5906
INFO 2026-08-07 15:20:06,044 basehttp 6768 14276 "POST /account/login/ HTTP/1.1" 200 5906
INFO 2026-08-07 15:20:06,065 basehttp 6768 14276 "GET /static/store.css HTTP/1.1" 304 0
INFO 2026-08-07 15:20:09,647 basehttp 6768 14276 "GET /account/password-reset/ HTTP/1.1" 200 5541
INFO 2026-08-07 15:20:09,747 basehttp 6768 14276 "GET /static/store.js HTTP/1.1" 304 0
INFO 2026-08-07 15:20:12,361 basehttp 6768 14276 "POST /account/password-reset/ HTTP/1.1" 302 0
INFO 2026-08-07 15:20:12,432 basehttp 6768 14276 "GET /account/password-reset/done/ HTTP/1.1" 200 5051
INFO 2026-08-07 15:20:15,810 basehttp 6768 14276 "GET / HTTP/1.1" 200 57424
INFO 2026-08-07 18:11:53,430 autoreload 25260 25108 Watching for file changes with StatReloader
INFO 2026-08-07 18:12:15,614 basehttp 25260 15048 "GET / HTTP/1.1" 200 57424
INFO 2026-08-07 18:12:15,653 basehttp 25260 15048 "GET /static/store.js HTTP/1.1" 304 0
INFO 2026-08-07 18:12:15,671 basehttp 25260 15048 "GET /static/store.css HTTP/1.1" 304 0
INFO 2026-08-07 18:12:23,910 basehttp 25260 15048 "GET /account/login/ HTTP/1.1" 200 5789
INFO 2026-08-07 18:12:30,612 basehttp 25260 15048 "POST /account/login/ HTTP/1.1" 200 5906
INFO 2026-08-07 18:12:42,687 basehttp 25260 15048 "POST /account/login/ HTTP/1.1" 200 5906
INFO 2026-08-07 18:13:04,973 views 25260 15048 User logged in: jonnie
INFO 2026-08-07 18:13:04,991 basehttp 25260 15048 "POST /account/login/ HTTP/1.1" 302 0
INFO 2026-08-07 18:13:05,029 basehttp 25260 15048 "GET /account/ HTTP/1.1" 200 6795
INFO 2026-08-07 18:13:10,025 basehttp 25260 15048 "GET /account/ HTTP/1.1" 200 6795
INFO 2026-08-07 18:13:13,187 basehttp 25260 15048 "GET /account/ HTTP/1.1" 200 6795
INFO 2026-08-07 18:13:18,673 basehttp 25260 15048 "GET /account/orders/ HTTP/1.1" 200 6430
INFO 2026-08-07 18:13:20,223 basehttp 25260 15048 "GET /account/addresses/ HTTP/1.1" 200 6333
INFO 2026-08-07 18:13:23,158 basehttp 25260 15048 "GET /account/profile/ HTTP/1.1" 200 6898
INFO 2026-08-07 18:13:24,216 basehttp 25260 15048 "GET /account/password-change/ HTTP/1.1" 200 6650
INFO 2026-08-07 18:13:27,579 basehttp 25260 15048 "GET / HTTP/1.1" 200 71765
INFO 2026-08-07 18:13:30,842 basehttp 25260 15048 "GET /manage/ HTTP/1.1" 200 9597
INFO 2026-08-07 18:13:35,047 basehttp 25260 15048 "GET /manage/products/ HTTP/1.1" 200 20438
INFO 2026-08-07 18:13:40,246 basehttp 25260 15048 "GET /manage/categories/ HTTP/1.1" 200 10083
INFO 2026-08-07 18:13:45,716 basehttp 25260 15048 "GET /manage/orders/ HTTP/1.1" 200 8880
INFO 2026-08-07 18:13:51,510 basehttp 25260 15048 "GET /manage/customers/ HTTP/1.1" 200 7924
INFO 2026-08-07 18:13:57,063 basehttp 25260 15048 "GET /manage/reviews/ HTTP/1.1" 200 7747
INFO 2026-08-07 18:13:59,633 basehttp 25260 15048 "GET /manage/coupons/ HTTP/1.1" 200 7965
INFO 2026-08-07 18:14:02,435 basehttp 25260 15048 "GET /manage/payments/ HTTP/1.1" 200 7555
INFO 2026-08-07 18:14:06,249 basehttp 25260 15048 "GET /manage/settings/ HTTP/1.1" 200 11814
INFO 2026-08-07 18:14:09,160 basehttp 25260 15048 "GET /manage/settings/email/ HTTP/1.1" 200 9586
INFO 2026-08-07 18:14:26,202 basehttp 25260 15048 "GET /manage/settings/payments/ HTTP/1.1" 200 9928
ERROR 2026-08-07 18:14:45,904 log 25260 15048 Internal Server Error: /manage/system-health/
Traceback (most recent call last):
  File "C:\Users\ADMIN\OneDrive\Desktop\e-comerce\reeves_boutique_django\.venv\Lib\site-packages\django\core\handlers\exception.py", line 55, in inner
    response = get_response(request)
  File "C:\Users\ADMIN\OneDrive\Desktop\e-comerce\reeves_boutique_django\.venv\Lib\site-packages\django\core\handlers\base.py", line 197, in _get_response
    response = wrapped_callback(request, *callback_args, **callback_kwargs)
  File "C:\Users\ADMIN\OneDrive\Desktop\e-comerce\reeves_boutique_django\.venv\Lib\site-packages\django\contrib\auth\decorators.py", line 59, in _view_wrapper
    return view_func(request, *args, **kwargs)
  File "C:\Users\ADMIN\OneDrive\Desktop\e-comerce\reeves_boutique_django\store\decorators.py", line 11, in _wrapped
    return view_func(request, *args, **kwargs)
  File "C:\Users\ADMIN\OneDrive\Desktop\e-comerce\reeves_boutique_django\store\manage_views.py", line 620, in system_health
    'detail': connection.vendor + ' (' + connection.settings_dict.get('NAME', '') + ')'})
              ~~~~~~~~~~~~~~~~~~~~~~~~~^~~~~~~~~~~~~~~~~~~~~~~~~~~~~~~~~~~~~~~~~~
TypeError: can only concatenate str (not "WindowsPath") to str
ERROR 2026-08-07 18:14:45,910 basehttp 25260 15048 "GET /manage/system-health/ HTTP/1.1" 500 83452
INFO 2026-08-07 18:15:21,746 basehttp 25260 15048 "POST /account/logout/ HTTP/1.1" 302 0
INFO 2026-08-07 18:15:21,841 basehttp 25260 16504 "POST /account/logout/ HTTP/1.1" 302 0
INFO 2026-08-07 18:15:21,938 basehttp 25260 15048 - Broken pipe from ('127.0.0.1', 54751)
INFO 2026-08-07 18:15:21,983 basehttp 25260 16504 "GET / HTTP/1.1" 200 57424
INFO 2026-08-07 18:15:24,790 basehttp 25260 16504 "GET /account/login/ HTTP/1.1" 200 5789
INFO 2026-08-07 18:15:53,853 views 25260 16504 User logged in: jonnie
INFO 2026-08-07 18:15:53,866 basehttp 25260 16504 "POST /account/login/ HTTP/1.1" 302 0
INFO 2026-08-07 18:15:53,903 basehttp 25260 16504 "GET /account/ HTTP/1.1" 200 6795
INFO 2026-08-07 18:16:01,395 basehttp 25260 16504 "GET /manage/ HTTP/1.1" 200 9597
INFO 2026-08-07 18:16:04,534 basehttp 25260 16504 "GET /cart/ HTTP/1.1" 200 5421
INFO 2026-08-07 18:16:10,226 basehttp 25260 16504 "GET /account/ HTTP/1.1" 200 6795
INFO 2026-08-07 18:16:23,763 basehttp 25260 16504 "GET / HTTP/1.1" 200 71765
INFO 2026-08-07 18:16:33,966 basehttp 25260 16504 "GET /manage/ HTTP/1.1" 200 9597
INFO 2026-08-07 18:16:36,048 basehttp 25260 16504 "GET /manage/products/ HTTP/1.1" 200 20438
INFO 2026-08-07 18:16:38,722 basehttp 25260 16504 "GET /manage/products/add/ HTTP/1.1" 200 11093
INFO 2026-08-07 18:17:42,032 basehttp 25260 16504 "POST /manage/products/add/ HTTP/1.1" 302 0
INFO 2026-08-07 18:17:42,069 basehttp 25260 16504 "GET /manage/products/ HTTP/1.1" 200 20537
INFO 2026-08-07 18:18:12,073 basehttp 25260 16504 "GET / HTTP/1.1" 200 71765
INFO 2026-08-07 18:18:27,921 basehttp 25260 16504 "GET / HTTP/1.1" 200 71765
INFO 2026-08-07 18:18:30,034 basehttp 25260 16504 "GET / HTTP/1.1" 200 71765
INFO 2026-08-07 18:18:42,675 basehttp 25260 16504 "GET /products/?category=mens-fashion HTTP/1.1" 200 29880
INFO 2026-08-07 18:18:54,724 basehttp 25260 16504 "GET / HTTP/1.1" 200 71765
INFO 2026-08-07 18:19:14,411 basehttp 25260 16504 "GET /products/?q=women+clothes HTTP/1.1" 200 8931
INFO 2026-08-07 18:22:00,335 basehttp 25260 16504 "GET / HTTP/1.1" 200 71765
INFO 2026-08-07 18:22:02,919 basehttp 25260 16504 "GET / HTTP/1.1" 200 71765
INFO 2026-08-07 18:22:05,277 basehttp 25260 16504 "GET /cart/ HTTP/1.1" 200 5421
INFO 2026-08-07 18:22:07,901 basehttp 25260 16504 "GET /products/ HTTP/1.1" 200 40500
INFO 2026-08-07 18:22:12,018 basehttp 25260 16504 "POST /cart/add/51/ HTTP/1.1" 302 0
INFO 2026-08-07 18:22:12,089 basehttp 25260 16504 "GET /products/ HTTP/1.1" 200 40634
INFO 2026-08-07 18:22:20,376 basehttp 25260 16504 "POST /cart/add/56/ HTTP/1.1" 302 0
INFO 2026-08-07 18:22:20,437 basehttp 25260 16504 "GET /products/ HTTP/1.1" 200 40634
INFO 2026-08-07 18:22:27,406 basehttp 25260 16504 "GET /cart/ HTTP/1.1" 200 8814
INFO 2026-08-07 18:22:32,036 basehttp 25260 16504 "GET /products/ HTTP/1.1" 200 40500
INFO 2026-08-07 18:22:36,949 basehttp 25260 16504 "GET / HTTP/1.1" 200 71765
INFO 2026-08-07 18:22:46,151 basehttp 25260 16504 "GET /manage/ HTTP/1.1" 200 9596
INFO 2026-08-07 18:22:57,723 basehttp 25260 16504 "GET /manage/inventory/ HTTP/1.1" 200 30410
INFO 2026-08-07 18:23:39,179 basehttp 25260 16504 "POST /newsletter/ HTTP/1.1" 302 0
INFO 2026-08-07 18:23:39,312 basehttp 25260 16504 "GET / HTTP/1.1" 200 71904
INFO 2026-08-10 11:26:13,018 autoreload 22224 3044 Watching for file changes with StatReloader
INFO 2026-08-10 11:47:59,256 services 2584 18968 Restored 2 units of stock for cancelled/refunded order RB-260810-DE4D37
INFO 2026-08-10 11:48:04,561 views 2584 18968 User logged in: jane
INFO 2026-08-10 11:48:07,263 emails 2584 18968 Email not sent (Welcome to Reeves Boutique) because SMTP is disabled in settings.
INFO 2026-08-10 11:48:09,593 emails 2584 18968 Email not sent (Order RB-260810-56128E received at Reeves Boutique) because SMTP is disabled in settings.
INFO 2026-08-10 11:48:09,914 emails 2584 18968 Email not sent (Order RB-260810-9AB2C3 received at Reeves Boutique) because SMTP is disabled in settings.
INFO 2026-08-10 11:48:17,946 services 2584 18968 Restored 2 units of stock for cancelled/refunded order RB-260810-21439C
INFO 2026-08-10 11:48:17,948 manage_views 2584 18968 Order RB-260810-21439C status changed to cancelled by admin
INFO 2026-08-10 11:48:18,020 views 2584 18968 M-Pesa payment confirmed for req-1 receipt PJX123ABC amount 2150.00
INFO 2026-08-10 11:48:18,028 views 2584 18968 M-Pesa callback already processed for req-1 (status completed)
INFO 2026-08-10 11:48:18,095 views 2584 18968 M-Pesa payment failed for req-1: The service request is processed successfully.
INFO 2026-08-10 11:48:18,158 views 2584 18968 M-Pesa payment confirmed for req-1 receipt PJX123ABC amount 2150.00
INFO 2026-08-10 11:48:18,425 emails 2584 18968 Email not sent (We received your message) because SMTP is disabled in settings.
ERROR 2026-08-10 11:51:58,142 log 924 17244 Invalid HTTP_HOST header: 'testserver'. You may need to add 'testserver' to ALLOWED_HOSTS.
Traceback (most recent call last):
  File "C:\Users\ADMIN\OneDrive\Desktop\e-comerce\reeves_boutique_django\.venv\Lib\site-packages\django\core\handlers\exception.py", line 55, in inner
    response = get_response(request)
  File "C:\Users\ADMIN\OneDrive\Desktop\e-comerce\reeves_boutique_django\.venv\Lib\site-packages\django\utils\deprecation.py", line 119, in __call__
    response = self.process_request(request)
  File "C:\Users\ADMIN\OneDrive\Desktop\e-comerce\reeves_boutique_django\.venv\Lib\site-packages\django\middleware\common.py", line 48, in process_request
    host = request.get_host()
  File "C:\Users\ADMIN\OneDrive\Desktop\e-comerce\reeves_boutique_django\.venv\Lib\site-packages\django\http\request.py", line 203, in get_host
    raise DisallowedHost(msg)
django.core.exceptions.DisallowedHost: Invalid HTTP_HOST header: 'testserver'. You may need to add 'testserver' to ALLOWED_HOSTS.
ERROR 2026-08-10 11:51:58,171 log 924 17244 Invalid HTTP_HOST header: 'testserver'. You may need to add 'testserver' to ALLOWED_HOSTS.
Traceback (most recent call last):
  File "C:\Users\ADMIN\OneDrive\Desktop\e-comerce\reeves_boutique_django\.venv\Lib\site-packages\django\core\handlers\exception.py", line 55, in inner
    response = get_response(request)
  File "C:\Users\ADMIN\OneDrive\Desktop\e-comerce\reeves_boutique_django\.venv\Lib\site-packages\django\utils\deprecation.py", line 119, in __call__
    response = self.process_request(request)
  File "C:\Users\ADMIN\OneDrive\Desktop\e-comerce\reeves_boutique_django\.venv\Lib\site-packages\django\middleware\common.py", line 48, in process_request
    host = request.get_host()
  File "C:\Users\ADMIN\OneDrive\Desktop\e-comerce\reeves_boutique_django\.venv\Lib\site-packages\django\http\request.py", line 203, in get_host
    raise DisallowedHost(msg)
django.core.exceptions.DisallowedHost: Invalid HTTP_HOST header: 'testserver'. You may need to add 'testserver' to ALLOWED_HOSTS.
ERROR 2026-08-10 11:51:58,197 log 924 17244 Invalid HTTP_HOST header: 'testserver'. You may need to add 'testserver' to ALLOWED_HOSTS.
Traceback (most recent call last):
  File "C:\Users\ADMIN\OneDrive\Desktop\e-comerce\reeves_boutique_django\.venv\Lib\site-packages\django\core\handlers\exception.py", line 55, in inner
    response = get_response(request)
  File "C:\Users\ADMIN\OneDrive\Desktop\e-comerce\reeves_boutique_django\.venv\Lib\site-packages\django\utils\deprecation.py", line 119, in __call__
    response = self.process_request(request)
  File "C:\Users\ADMIN\OneDrive\Desktop\e-comerce\reeves_boutique_django\.venv\Lib\site-packages\django\middleware\common.py", line 48, in process_request
    host = request.get_host()
  File "C:\Users\ADMIN\OneDrive\Desktop\e-comerce\reeves_boutique_django\.venv\Lib\site-packages\django\http\request.py", line 203, in get_host
    raise DisallowedHost(msg)
django.core.exceptions.DisallowedHost: Invalid HTTP_HOST header: 'testserver'. You may need to add 'testserver' to ALLOWED_HOSTS.
ERROR 2026-08-10 11:51:58,224 log 924 17244 Invalid HTTP_HOST header: 'testserver'. You may need to add 'testserver' to ALLOWED_HOSTS.
Traceback (most recent call last):
  File "C:\Users\ADMIN\OneDrive\Desktop\e-comerce\reeves_boutique_django\.venv\Lib\site-packages\django\core\handlers\exception.py", line 55, in inner
    response = get_response(request)
  File "C:\Users\ADMIN\OneDrive\Desktop\e-comerce\reeves_boutique_django\.venv\Lib\site-packages\django\utils\deprecation.py", line 119, in __call__
    response = self.process_request(request)
  File "C:\Users\ADMIN\OneDrive\Desktop\e-comerce\reeves_boutique_django\.venv\Lib\site-packages\django\middleware\common.py", line 48, in process_request
    host = request.get_host()
  File "C:\Users\ADMIN\OneDrive\Desktop\e-comerce\reeves_boutique_django\.venv\Lib\site-packages\django\http\request.py", line 203, in get_host
    raise DisallowedHost(msg)
django.core.exceptions.DisallowedHost: Invalid HTTP_HOST header: 'testserver'. You may need to add 'testserver' to ALLOWED_HOSTS.
ERROR 2026-08-10 11:51:58,252 log 924 17244 Invalid HTTP_HOST header: 'testserver'. You may need to add 'testserver' to ALLOWED_HOSTS.
Traceback (most recent call last):
  File "C:\Users\ADMIN\OneDrive\Desktop\e-comerce\reeves_boutique_django\.venv\Lib\site-packages\django\core\handlers\exception.py", line 55, in inner
    response = get_response(request)
  File "C:\Users\ADMIN\OneDrive\Desktop\e-comerce\reeves_boutique_django\.venv\Lib\site-packages\django\utils\deprecation.py", line 119, in __call__
    response = self.process_request(request)
  File "C:\Users\ADMIN\OneDrive\Desktop\e-comerce\reeves_boutique_django\.venv\Lib\site-packages\django\middleware\common.py", line 48, in process_request
    host = request.get_host()
  File "C:\Users\ADMIN\OneDrive\Desktop\e-comerce\reeves_boutique_django\.venv\Lib\site-packages\django\http\request.py", line 203, in get_host
    raise DisallowedHost(msg)
django.core.exceptions.DisallowedHost: Invalid HTTP_HOST header: 'testserver'. You may need to add 'testserver' to ALLOWED_HOSTS.
ERROR 2026-08-10 11:51:58,280 log 924 17244 Invalid HTTP_HOST header: 'testserver'. You may need to add 'testserver' to ALLOWED_HOSTS.
Traceback (most recent call last):
  File "C:\Users\ADMIN\OneDrive\Desktop\e-comerce\reeves_boutique_django\.venv\Lib\site-packages\django\core\handlers\exception.py", line 55, in inner
    response = get_response(request)
  File "C:\Users\ADMIN\OneDrive\Desktop\e-comerce\reeves_boutique_django\.venv\Lib\site-packages\django\utils\deprecation.py", line 119, in __call__
    response = self.process_request(request)
  File "C:\Users\ADMIN\OneDrive\Desktop\e-comerce\reeves_boutique_django\.venv\Lib\site-packages\django\middleware\common.py", line 48, in process_request
    host = request.get_host()
  File "C:\Users\ADMIN\OneDrive\Desktop\e-comerce\reeves_boutique_django\.venv\Lib\site-packages\django\http\request.py", line 203, in get_host
    raise DisallowedHost(msg)
django.core.exceptions.DisallowedHost: Invalid HTTP_HOST header: 'testserver'. You may need to add 'testserver' to ALLOWED_HOSTS.
ERROR 2026-08-10 11:51:58,318 log 924 17244 Invalid HTTP_HOST header: 'testserver'. You may need to add 'testserver' to ALLOWED_HOSTS.
Traceback (most recent call last):
  File "C:\Users\ADMIN\OneDrive\Desktop\e-comerce\reeves_boutique_django\.venv\Lib\site-packages\django\core\handlers\exception.py", line 55, in inner
    response = get_response(request)
  File "C:\Users\ADMIN\OneDrive\Desktop\e-comerce\reeves_boutique_django\.venv\Lib\site-packages\django\utils\deprecation.py", line 119, in __call__
    response = self.process_request(request)
  File "C:\Users\ADMIN\OneDrive\Desktop\e-comerce\reeves_boutique_django\.venv\Lib\site-packages\django\middleware\common.py", line 48, in process_request
    host = request.get_host()
  File "C:\Users\ADMIN\OneDrive\Desktop\e-comerce\reeves_boutique_django\.venv\Lib\site-packages\django\http\request.py", line 203, in get_host
    raise DisallowedHost(msg)
django.core.exceptions.DisallowedHost: Invalid HTTP_HOST header: 'testserver'. You may need to add 'testserver' to ALLOWED_HOSTS.
ERROR 2026-08-10 11:51:58,354 log 924 17244 Invalid HTTP_HOST header: 'testserver'. You may need to add 'testserver' to ALLOWED_HOSTS.
Traceback (most recent call last):
  File "C:\Users\ADMIN\OneDrive\Desktop\e-comerce\reeves_boutique_django\.venv\Lib\site-packages\django\core\handlers\exception.py", line 55, in inner
    response = get_response(request)
  File "C:\Users\ADMIN\OneDrive\Desktop\e-comerce\reeves_boutique_django\.venv\Lib\site-packages\django\utils\deprecation.py", line 119, in __call__
    response = self.process_request(request)
  File "C:\Users\ADMIN\OneDrive\Desktop\e-comerce\reeves_boutique_django\.venv\Lib\site-packages\django\middleware\common.py", line 48, in process_request
    host = request.get_host()
  File "C:\Users\ADMIN\OneDrive\Desktop\e-comerce\reeves_boutique_django\.venv\Lib\site-packages\django\http\request.py", line 203, in get_host
    raise DisallowedHost(msg)
django.core.exceptions.DisallowedHost: Invalid HTTP_HOST header: 'testserver'. You may need to add 'testserver' to ALLOWED_HOSTS.
ERROR 2026-08-10 11:51:58,388 log 924 17244 Invalid HTTP_HOST header: 'testserver'. You may need to add 'testserver' to ALLOWED_HOSTS.
Traceback (most recent call last):
  File "C:\Users\ADMIN\OneDrive\Desktop\e-comerce\reeves_boutique_django\.venv\Lib\site-packages\django\core\handlers\exception.py", line 55, in inner
    response = get_response(request)
  File "C:\Users\ADMIN\OneDrive\Desktop\e-comerce\reeves_boutique_django\.venv\Lib\site-packages\django\utils\deprecation.py", line 119, in __call__
    response = self.process_request(request)
  File "C:\Users\ADMIN\OneDrive\Desktop\e-comerce\reeves_boutique_django\.venv\Lib\site-packages\django\middleware\common.py", line 48, in process_request
    host = request.get_host()
  File "C:\Users\ADMIN\OneDrive\Desktop\e-comerce\reeves_boutique_django\.venv\Lib\site-packages\django\http\request.py", line 203, in get_host
    raise DisallowedHost(msg)
django.core.exceptions.DisallowedHost: Invalid HTTP_HOST header: 'testserver'. You may need to add 'testserver' to ALLOWED_HOSTS.
ERROR 2026-08-10 11:51:58,429 log 924 17244 Invalid HTTP_HOST header: 'testserver'. You may need to add 'testserver' to ALLOWED_HOSTS.
Traceback (most recent call last):
  File "C:\Users\ADMIN\OneDrive\Desktop\e-comerce\reeves_boutique_django\.venv\Lib\site-packages\django\core\handlers\exception.py", line 55, in inner
    response = get_response(request)
  File "C:\Users\ADMIN\OneDrive\Desktop\e-comerce\reeves_boutique_django\.venv\Lib\site-packages\django\utils\deprecation.py", line 119, in __call__
    response = self.process_request(request)
  File "C:\Users\ADMIN\OneDrive\Desktop\e-comerce\reeves_boutique_django\.venv\Lib\site-packages\django\middleware\common.py", line 48, in process_request
    host = request.get_host()
  File "C:\Users\ADMIN\OneDrive\Desktop\e-comerce\reeves_boutique_django\.venv\Lib\site-packages\django\http\request.py", line 203, in get_host
    raise DisallowedHost(msg)
django.core.exceptions.DisallowedHost: Invalid HTTP_HOST header: 'testserver'. You may need to add 'testserver' to ALLOWED_HOSTS.
ERROR 2026-08-10 11:51:58,468 log 924 17244 Invalid HTTP_HOST header: 'testserver'. You may need to add 'testserver' to ALLOWED_HOSTS.
Traceback (most recent call last):
  File "C:\Users\ADMIN\OneDrive\Desktop\e-comerce\reeves_boutique_django\.venv\Lib\site-packages\django\core\handlers\exception.py", line 55, in inner
    response = get_response(request)
  File "C:\Users\ADMIN\OneDrive\Desktop\e-comerce\reeves_boutique_django\.venv\Lib\site-packages\django\utils\deprecation.py", line 119, in __call__
    response = self.process_request(request)
  File "C:\Users\ADMIN\OneDrive\Desktop\e-comerce\reeves_boutique_django\.venv\Lib\site-packages\django\middleware\common.py", line 48, in process_request
    host = request.get_host()
  File "C:\Users\ADMIN\OneDrive\Desktop\e-comerce\reeves_boutique_django\.venv\Lib\site-packages\django\http\request.py", line 203, in get_host
    raise DisallowedHost(msg)
django.core.exceptions.DisallowedHost: Invalid HTTP_HOST header: 'testserver'. You may need to add 'testserver' to ALLOWED_HOSTS.
ERROR 2026-08-10 11:51:58,503 log 924 17244 Invalid HTTP_HOST header: 'testserver'. You may need to add 'testserver' to ALLOWED_HOSTS.
Traceback (most recent call last):
  File "C:\Users\ADMIN\OneDrive\Desktop\e-comerce\reeves_boutique_django\.venv\Lib\site-packages\django\core\handlers\exception.py", line 55, in inner
    response = get_response(request)
  File "C:\Users\ADMIN\OneDrive\Desktop\e-comerce\reeves_boutique_django\.venv\Lib\site-packages\django\utils\deprecation.py", line 119, in __call__
    response = self.process_request(request)
  File "C:\Users\ADMIN\OneDrive\Desktop\e-comerce\reeves_boutique_django\.venv\Lib\site-packages\django\middleware\common.py", line 48, in process_request
    host = request.get_host()
  File "C:\Users\ADMIN\OneDrive\Desktop\e-comerce\reeves_boutique_django\.venv\Lib\site-packages\django\http\request.py", line 203, in get_host
    raise DisallowedHost(msg)
django.core.exceptions.DisallowedHost: Invalid HTTP_HOST header: 'testserver'. You may need to add 'testserver' to ALLOWED_HOSTS.
ERROR 2026-08-10 11:51:58,541 log 924 17244 Invalid HTTP_HOST header: 'testserver'. You may need to add 'testserver' to ALLOWED_HOSTS.
Traceback (most recent call last):
  File "C:\Users\ADMIN\OneDrive\Desktop\e-comerce\reeves_boutique_django\.venv\Lib\site-packages\django\core\handlers\exception.py", line 55, in inner
    response = get_response(request)
  File "C:\Users\ADMIN\OneDrive\Desktop\e-comerce\reeves_boutique_django\.venv\Lib\site-packages\django\utils\deprecation.py", line 119, in __call__
    response = self.process_request(request)
  File "C:\Users\ADMIN\OneDrive\Desktop\e-comerce\reeves_boutique_django\.venv\Lib\site-packages\django\middleware\common.py", line 48, in process_request
    host = request.get_host()
  File "C:\Users\ADMIN\OneDrive\Desktop\e-comerce\reeves_boutique_django\.venv\Lib\site-packages\django\http\request.py", line 203, in get_host
    raise DisallowedHost(msg)
django.core.exceptions.DisallowedHost: Invalid HTTP_HOST header: 'testserver'. You may need to add 'testserver' to ALLOWED_HOSTS.
ERROR 2026-08-10 11:51:58,575 log 924 17244 Invalid HTTP_HOST header: 'testserver'. You may need to add 'testserver' to ALLOWED_HOSTS.
Traceback (most recent call last):
  File "C:\Users\ADMIN\OneDrive\Desktop\e-comerce\reeves_boutique_django\.venv\Lib\site-packages\django\core\handlers\exception.py", line 55, in inner
    response = get_response(request)
  File "C:\Users\ADMIN\OneDrive\Desktop\e-comerce\reeves_boutique_django\.venv\Lib\site-packages\django\utils\deprecation.py", line 119, in __call__
    response = self.process_request(request)
  File "C:\Users\ADMIN\OneDrive\Desktop\e-comerce\reeves_boutique_django\.venv\Lib\site-packages\django\middleware\common.py", line 48, in process_request
    host = request.get_host()
  File "C:\Users\ADMIN\OneDrive\Desktop\e-comerce\reeves_boutique_django\.venv\Lib\site-packages\django\http\request.py", line 203, in get_host
    raise DisallowedHost(msg)
django.core.exceptions.DisallowedHost: Invalid HTTP_HOST header: 'testserver'. You may need to add 'testserver' to ALLOWED_HOSTS.
ERROR 2026-08-10 11:52:50,058 log 6884 3020 Internal Server Error: /manage/analytics/
Traceback (most recent call last):
  File "C:\Users\ADMIN\OneDrive\Desktop\e-comerce\reeves_boutique_django\.venv\Lib\site-packages\django\core\handlers\exception.py", line 55, in inner
    response = get_response(request)
  File "C:\Users\ADMIN\OneDrive\Desktop\e-comerce\reeves_boutique_django\.venv\Lib\site-packages\django\core\handlers\base.py", line 197, in _get_response
    response = wrapped_callback(request, *callback_args, **callback_kwargs)
  File "C:\Users\ADMIN\OneDrive\Desktop\e-comerce\reeves_boutique_django\.venv\Lib\site-packages\django\contrib\auth\decorators.py", line 59, in _view_wrapper
    return view_func(request, *args, **kwargs)
  File "C:\Users\ADMIN\OneDrive\Desktop\e-comerce\reeves_boutique_django\store\decorators.py", line 11, in _wrapped
    return view_func(request, *args, **kwargs)
  File "C:\Users\ADMIN\OneDrive\Desktop\e-comerce\reeves_boutique_django\store\manage_views.py", line 579, in manage_analytics
    top_products = (OrderItem.objects.filter(order__status__in=Order.PAID_STATUSES)
                    ^^^^^^^^^
NameError: name 'OrderItem' is not defined
ERROR 2026-08-10 11:53:17,619 log 10996 3828 Internal Server Error: /manage/system-health/
Traceback (most recent call last):
  File "C:\Users\ADMIN\OneDrive\Desktop\e-comerce\reeves_boutique_django\.venv\Lib\site-packages\django\core\handlers\exception.py", line 55, in inner
    response = get_response(request)
  File "C:\Users\ADMIN\OneDrive\Desktop\e-comerce\reeves_boutique_django\.venv\Lib\site-packages\django\core\handlers\base.py", line 197, in _get_response
    response = wrapped_callback(request, *callback_args, **callback_kwargs)
  File "C:\Users\ADMIN\OneDrive\Desktop\e-comerce\reeves_boutique_django\.venv\Lib\site-packages\django\contrib\auth\decorators.py", line 59, in _view_wrapper
    return view_func(request, *args, **kwargs)
  File "C:\Users\ADMIN\OneDrive\Desktop\e-comerce\reeves_boutique_django\store\decorators.py", line 11, in _wrapped
    return view_func(request, *args, **kwargs)
  File "C:\Users\ADMIN\OneDrive\Desktop\e-comerce\reeves_boutique_django\store\manage_views.py", line 620, in system_health
    'detail': connection.vendor + ' (' + connection.settings_dict.get('NAME', '') + ')'})
              ~~~~~~~~~~~~~~~~~~~~~~~~~^~~~~~~~~~~~~~~~~~~~~~~~~~~~~~~~~~~~~~~~~~
TypeError: can only concatenate str (not "WindowsPath") to str
INFO 2026-08-10 12:23:09,459 services 21872 8844 Restored 2 units of stock for cancelled/refunded order RB-260810-65CDA6
INFO 2026-08-10 12:23:16,269 views 21872 8844 User logged in: jane
INFO 2026-08-10 12:23:18,173 emails 21872 8844 Email not sent (Welcome to Reeves Boutique) because SMTP is disabled in settings.
INFO 2026-08-10 12:23:21,231 emails 21872 8844 Email not sent (Order RB-260810-C3BB8C received at Reeves Boutique) because SMTP is disabled in settings.
INFO 2026-08-10 12:23:21,961 emails 21872 8844 Email not sent (Order RB-260810-AA768A received at Reeves Boutique) because SMTP is disabled in settings.
INFO 2026-08-10 12:23:43,015 services 21872 8844 Restored 2 units of stock for cancelled/refunded order RB-260810-D88E8E
INFO 2026-08-10 12:23:43,019 manage_views 21872 8844 Order RB-260810-D88E8E status changed to cancelled by admin
INFO 2026-08-10 12:23:45,110 views 21872 8844 M-Pesa payment confirmed for req-1 receipt PJX123ABC amount 2150.00
INFO 2026-08-10 12:23:45,122 views 21872 8844 M-Pesa callback already processed for req-1 (status completed)
INFO 2026-08-10 12:23:45,183 views 21872 8844 M-Pesa payment failed for req-1: The service request is processed successfully.
INFO 2026-08-10 12:23:45,321 views 21872 8844 M-Pesa payment confirmed for req-1 receipt PJX123ABC amount 2150.00
INFO 2026-08-10 12:23:45,687 emails 21872 8844 Email not sent (We received your message) because SMTP is disabled in settings.
INFO 2026-08-10 12:55:19,366 services 7232 19372 Restored 2 units of stock for cancelled/refunded order RB-260810-63F8CE
INFO 2026-08-10 12:55:44,825 views 7232 19372 User logged in: jane
INFO 2026-08-10 12:55:51,762 emails 7232 19372 Email not sent (Welcome to Reeves Boutique) because SMTP is disabled in settings.
INFO 2026-08-10 12:56:07,561 emails 7232 19372 Email not sent (Order RB-260810-CAA081 received at Reeves Boutique) because SMTP is disabled in settings.
INFO 2026-08-10 12:56:10,325 emails 7232 19372 Email not sent (Order RB-260810-68CEBB received at Reeves Boutique) because SMTP is disabled in settings.
INFO 2026-08-10 12:57:09,945 services 7232 19372 Restored 2 units of stock for cancelled/refunded order RB-260810-43580B
INFO 2026-08-10 12:57:09,951 manage_views 7232 19372 Order RB-260810-43580B status changed to cancelled by admin
INFO 2026-08-10 12:57:16,783 views 7232 19372 M-Pesa payment confirmed for req-1 receipt PJX123ABC amount 2150.00
INFO 2026-08-10 12:57:16,827 views 7232 19372 M-Pesa callback already processed for req-1 (status completed)
INFO 2026-08-10 12:57:17,089 views 7232 19372 M-Pesa payment failed for req-1: The service request is processed successfully.
INFO 2026-08-10 12:57:17,320 views 7232 19372 M-Pesa payment confirmed for req-1 receipt PJX123ABC amount 2150.00
INFO 2026-08-10 12:59:11,286 emails 7232 19372 Email not sent (We received your message) because SMTP is disabled in settings.
INFO 2026-08-10 13:05:16,328 emails 23308 12248 Email not sent (We received your message) because SMTP is disabled in settings.
INFO 2026-08-10 13:05:33,270 services 19168 21156 Restored 2 units of stock for cancelled/refunded order RB-260810-5351D3
INFO 2026-08-10 13:05:41,373 views 19168 21156 User logged in: jane
INFO 2026-08-10 13:05:43,313 emails 19168 21156 Email not sent (Welcome to Reeves Boutique) because SMTP is disabled in settings.
INFO 2026-08-10 13:05:46,718 emails 19168 21156 Email not sent (Order RB-260810-0751F6 received at Reeves Boutique) because SMTP is disabled in settings.
INFO 2026-08-10 13:05:47,224 emails 19168 21156 Email not sent (Order RB-260810-AB87CC received at Reeves Boutique) because SMTP is disabled in settings.
INFO 2026-08-10 13:06:07,283 services 19168 21156 Restored 2 units of stock for cancelled/refunded order RB-260810-9ABF7C
INFO 2026-08-10 13:06:07,286 manage_views 19168 21156 Order RB-260810-9ABF7C status changed to cancelled by admin
INFO 2026-08-10 13:06:10,264 views 19168 21156 M-Pesa payment confirmed for req-1 receipt PJX123ABC amount 2150.00
INFO 2026-08-10 13:06:10,270 views 19168 21156 M-Pesa callback already processed for req-1 (status completed)
INFO 2026-08-10 13:06:10,363 views 19168 21156 M-Pesa payment failed for req-1: The service request is processed successfully.
INFO 2026-08-10 13:06:10,482 views 19168 21156 M-Pesa payment confirmed for req-1 receipt PJX123ABC amount 2150.00
INFO 2026-08-10 13:06:54,372 emails 19168 21156 Email not sent (We received your message) because SMTP is disabled in settings.
INFO 2026-08-10 13:11:23,618 services 15656 20988 Restored 2 units of stock for cancelled/refunded order RB-260810-CF6691
INFO 2026-08-10 13:11:29,993 views 15656 20988 User logged in: jane
INFO 2026-08-10 13:11:32,099 emails 15656 20988 Email not sent (Welcome to Reeves Boutique) because SMTP is disabled in settings.
INFO 2026-08-10 13:11:35,304 emails 15656 20988 Email not sent (Order RB-260810-4B17BF received at Reeves Boutique) because SMTP is disabled in settings.
INFO 2026-08-10 13:11:36,145 emails 15656 20988 Email not sent (Order RB-260810-A38878 received at Reeves Boutique) because SMTP is disabled in settings.
INFO 2026-08-10 13:11:55,765 services 15656 20988 Restored 2 units of stock for cancelled/refunded order RB-260810-0764C9
INFO 2026-08-10 13:11:55,769 manage_views 15656 20988 Order RB-260810-0764C9 status changed to cancelled by admin
INFO 2026-08-10 13:11:58,806 views 15656 20988 M-Pesa payment confirmed for req-1 receipt PJX123ABC amount 2150.00
INFO 2026-08-10 13:11:58,822 views 15656 20988 M-Pesa callback already processed for req-1 (status completed)
INFO 2026-08-10 13:11:59,033 views 15656 20988 M-Pesa payment failed for req-1: The service request is processed successfully.
INFO 2026-08-10 13:11:59,351 views 15656 20988 M-Pesa payment confirmed for req-1 receipt PJX123ABC amount 2150.00
INFO 2026-08-10 13:12:54,124 emails 15656 20988 Email not sent (We received your message) because SMTP is disabled in settings.
INFO 2026-08-11 20:06:10,682 services 14980 12216 Restored 2 units of stock for cancelled/refunded order RB-260811-341BF9
INFO 2026-08-11 20:06:19,915 views 14980 12216 User logged in: jane
INFO 2026-08-11 20:06:21,948 emails 14980 12216 Email not sent (Welcome to Reeves Boutique) because SMTP is disabled in settings.
INFO 2026-08-11 20:06:28,510 emails 14980 12216 Email not sent (Order RB-260811-F67EBF received at Reeves Boutique) because SMTP is disabled in settings.
INFO 2026-08-11 20:06:29,605 emails 14980 12216 Email not sent (Order RB-260811-042134 received at Reeves Boutique) because SMTP is disabled in settings.
INFO 2026-08-11 20:06:59,724 services 14980 12216 Restored 2 units of stock for cancelled/refunded order RB-260811-438AB7
INFO 2026-08-11 20:06:59,728 manage_views 14980 12216 Order RB-260811-438AB7 status changed to cancelled by admin
INFO 2026-08-11 20:07:03,437 views 14980 12216 M-Pesa payment confirmed for req-1 receipt PJX123ABC amount 2150.00
INFO 2026-08-11 20:07:03,456 views 14980 12216 M-Pesa callback already processed for req-1 (status completed)
INFO 2026-08-11 20:07:03,588 views 14980 12216 M-Pesa payment failed for req-1: The service request is processed successfully.
INFO 2026-08-11 20:07:03,714 views 14980 12216 M-Pesa payment confirmed for req-1 receipt PJX123ABC amount 2150.00
INFO 2026-08-11 20:07:51,698 emails 14980 12216 Email not sent (We received your message) because SMTP is disabled in settings.
INFO 2026-08-11 20:17:11,746 services 10412 6812 Restored 6 units of stock for cancelled/refunded order RB-260811-CF5218
INFO 2026-08-11 20:18:16,071 services 1464 20384 Restored 6 units of stock for cancelled/refunded order RB-260811-4F61CB
INFO 2026-08-11 20:19:01,669 services 2792 21024 Restored 6 units of stock for cancelled/refunded order RB-260811-ADEFE6
INFO 2026-08-11 20:19:50,717 services 21240 18176 Restored 6 units of stock for cancelled/refunded order RB-260811-48DBBD
INFO 2026-08-11 20:20:45,207 services 20856 19736 Restored 6 units of stock for cancelled/refunded order RB-260811-8D0EBA
INFO 2026-08-11 20:21:08,514 services 20856 19736 Restored 2 units of stock for cancelled/refunded order RB-260811-E99691
INFO 2026-08-11 20:21:13,295 views 20856 19736 User logged in: jane
INFO 2026-08-11 20:21:14,581 emails 20856 19736 Email not sent (Welcome to Reeves Boutique) because SMTP is disabled in settings.
INFO 2026-08-11 20:21:17,572 emails 20856 19736 Email not sent (Order RB-260811-C8217B received at Reeves Boutique) because SMTP is disabled in settings.
INFO 2026-08-11 20:21:18,074 emails 20856 19736 Email not sent (Order RB-260811-4468DF received at Reeves Boutique) because SMTP is disabled in settings.
INFO 2026-08-11 20:21:35,016 services 20856 19736 Restored 2 units of stock for cancelled/refunded order RB-260811-2A289B
INFO 2026-08-11 20:21:35,019 manage_views 20856 19736 Order RB-260811-2A289B status changed to cancelled by admin
INFO 2026-08-11 20:21:37,641 views 20856 19736 M-Pesa payment confirmed for req-1 receipt PJX123ABC amount 2150.00
INFO 2026-08-11 20:21:37,661 views 20856 19736 M-Pesa callback already processed for req-1 (status completed)
INFO 2026-08-11 20:21:37,750 views 20856 19736 M-Pesa payment failed for req-1: The service request is processed successfully.
INFO 2026-08-11 20:21:37,848 views 20856 19736 M-Pesa payment confirmed for req-1 receipt PJX123ABC amount 2150.00
INFO 2026-08-11 20:22:10,194 services 20856 19736 Inventory alert raised for Elegant Gown (low) by admin2
INFO 2026-08-11 20:22:24,097 emails 20856 19736 Email not sent (We received your message) because SMTP is disabled in settings.
ERROR 2026-08-11 20:22:59,906 log 13256 1676 Invalid HTTP_HOST header: 'testserver'. You may need to add 'testserver' to ALLOWED_HOSTS.
Traceback (most recent call last):
  File "C:\Users\ADMIN\OneDrive\Desktop\e-comerce\reeves_boutique_django\.venv\Lib\site-packages\django\core\handlers\exception.py", line 55, in inner
    response = get_response(request)
  File "C:\Users\ADMIN\OneDrive\Desktop\e-comerce\reeves_boutique_django\.venv\Lib\site-packages\django\utils\deprecation.py", line 119, in __call__
    response = self.process_request(request)
  File "C:\Users\ADMIN\OneDrive\Desktop\e-comerce\reeves_boutique_django\.venv\Lib\site-packages\django\middleware\common.py", line 48, in process_request
    host = request.get_host()
  File "C:\Users\ADMIN\OneDrive\Desktop\e-comerce\reeves_boutique_django\.venv\Lib\site-packages\django\http\request.py", line 203, in get_host
    raise DisallowedHost(msg)
django.core.exceptions.DisallowedHost: Invalid HTTP_HOST header: 'testserver'. You may need to add 'testserver' to ALLOWED_HOSTS.
ERROR 2026-08-11 20:22:59,980 log 13256 1676 Invalid HTTP_HOST header: 'testserver'. You may need to add 'testserver' to ALLOWED_HOSTS.
Traceback (most recent call last):
  File "C:\Users\ADMIN\OneDrive\Desktop\e-comerce\reeves_boutique_django\.venv\Lib\site-packages\django\core\handlers\exception.py", line 55, in inner
    response = get_response(request)
  File "C:\Users\ADMIN\OneDrive\Desktop\e-comerce\reeves_boutique_django\.venv\Lib\site-packages\django\utils\deprecation.py", line 119, in __call__
    response = self.process_request(request)
  File "C:\Users\ADMIN\OneDrive\Desktop\e-comerce\reeves_boutique_django\.venv\Lib\site-packages\django\middleware\common.py", line 48, in process_request
    host = request.get_host()
  File "C:\Users\ADMIN\OneDrive\Desktop\e-comerce\reeves_boutique_django\.venv\Lib\site-packages\django\http\request.py", line 203, in get_host
    raise DisallowedHost(msg)
django.core.exceptions.DisallowedHost: Invalid HTTP_HOST header: 'testserver'. You may need to add 'testserver' to ALLOWED_HOSTS.
ERROR 2026-08-11 20:23:00,055 log 13256 1676 Invalid HTTP_HOST header: 'testserver'. You may need to add 'testserver' to ALLOWED_HOSTS.
Traceback (most recent call last):
  File "C:\Users\ADMIN\OneDrive\Desktop\e-comerce\reeves_boutique_django\.venv\Lib\site-packages\django\core\handlers\exception.py", line 55, in inner
    response = get_response(request)
  File "C:\Users\ADMIN\OneDrive\Desktop\e-comerce\reeves_boutique_django\.venv\Lib\site-packages\django\utils\deprecation.py", line 119, in __call__
    response = self.process_request(request)
  File "C:\Users\ADMIN\OneDrive\Desktop\e-comerce\reeves_boutique_django\.venv\Lib\site-packages\django\middleware\common.py", line 48, in process_request
    host = request.get_host()
  File "C:\Users\ADMIN\OneDrive\Desktop\e-comerce\reeves_boutique_django\.venv\Lib\site-packages\django\http\request.py", line 203, in get_host
    raise DisallowedHost(msg)
django.core.exceptions.DisallowedHost: Invalid HTTP_HOST header: 'testserver'. You may need to add 'testserver' to ALLOWED_HOSTS.
ERROR 2026-08-11 20:23:00,118 log 13256 1676 Invalid HTTP_HOST header: 'testserver'. You may need to add 'testserver' to ALLOWED_HOSTS.
Traceback (most recent call last):
  File "C:\Users\ADMIN\OneDrive\Desktop\e-comerce\reeves_boutique_django\.venv\Lib\site-packages\django\core\handlers\exception.py", line 55, in inner
    response = get_response(request)
  File "C:\Users\ADMIN\OneDrive\Desktop\e-comerce\reeves_boutique_django\.venv\Lib\site-packages\django\utils\deprecation.py", line 119, in __call__
    response = self.process_request(request)
  File "C:\Users\ADMIN\OneDrive\Desktop\e-comerce\reeves_boutique_django\.venv\Lib\site-packages\django\middleware\common.py", line 48, in process_request
    host = request.get_host()
  File "C:\Users\ADMIN\OneDrive\Desktop\e-comerce\reeves_boutique_django\.venv\Lib\site-packages\django\http\request.py", line 203, in get_host
    raise DisallowedHost(msg)
django.core.exceptions.DisallowedHost: Invalid HTTP_HOST header: 'testserver'. You may need to add 'testserver' to ALLOWED_HOSTS.
ERROR 2026-08-11 20:23:00,194 log 13256 1676 Invalid HTTP_HOST header: 'testserver'. You may need to add 'testserver' to ALLOWED_HOSTS.
Traceback (most recent call last):
  File "C:\Users\ADMIN\OneDrive\Desktop\e-comerce\reeves_boutique_django\.venv\Lib\site-packages\django\core\handlers\exception.py", line 55, in inner
    response = get_response(request)
  File "C:\Users\ADMIN\OneDrive\Desktop\e-comerce\reeves_boutique_django\.venv\Lib\site-packages\django\utils\deprecation.py", line 119, in __call__
    response = self.process_request(request)
  File "C:\Users\ADMIN\OneDrive\Desktop\e-comerce\reeves_boutique_django\.venv\Lib\site-packages\django\middleware\common.py", line 48, in process_request
    host = request.get_host()
  File "C:\Users\ADMIN\OneDrive\Desktop\e-comerce\reeves_boutique_django\.venv\Lib\site-packages\django\http\request.py", line 203, in get_host
    raise DisallowedHost(msg)
django.core.exceptions.DisallowedHost: Invalid HTTP_HOST header: 'testserver'. You may need to add 'testserver' to ALLOWED_HOSTS.
ERROR 2026-08-11 20:23:00,253 log 13256 1676 Invalid HTTP_HOST header: 'testserver'. You may need to add 'testserver' to ALLOWED_HOSTS.
Traceback (most recent call last):
  File "C:\Users\ADMIN\OneDrive\Desktop\e-comerce\reeves_boutique_django\.venv\Lib\site-packages\django\core\handlers\exception.py", line 55, in inner
    response = get_response(request)
  File "C:\Users\ADMIN\OneDrive\Desktop\e-comerce\reeves_boutique_django\.venv\Lib\site-packages\django\utils\deprecation.py", line 119, in __call__
    response = self.process_request(request)
  File "C:\Users\ADMIN\OneDrive\Desktop\e-comerce\reeves_boutique_django\.venv\Lib\site-packages\django\middleware\common.py", line 48, in process_request
    host = request.get_host()
  File "C:\Users\ADMIN\OneDrive\Desktop\e-comerce\reeves_boutique_django\.venv\Lib\site-packages\django\http\request.py", line 203, in get_host
    raise DisallowedHost(msg)
django.core.exceptions.DisallowedHost: Invalid HTTP_HOST header: 'testserver'. You may need to add 'testserver' to ALLOWED_HOSTS.
ERROR 2026-08-11 20:23:18,765 log 19812 18032 Invalid HTTP_HOST header: 'testserver'. You may need to add 'testserver' to ALLOWED_HOSTS.
Traceback (most recent call last):
  File "C:\Users\ADMIN\OneDrive\Desktop\e-comerce\reeves_boutique_django\.venv\Lib\site-packages\django\core\handlers\exception.py", line 55, in inner
    response = get_response(request)
  File "C:\Users\ADMIN\OneDrive\Desktop\e-comerce\reeves_boutique_django\.venv\Lib\site-packages\django\utils\deprecation.py", line 119, in __call__
    response = self.process_request(request)
  File "C:\Users\ADMIN\OneDrive\Desktop\e-comerce\reeves_boutique_django\.venv\Lib\site-packages\django\middleware\common.py", line 48, in process_request
    host = request.get_host()
  File "C:\Users\ADMIN\OneDrive\Desktop\e-comerce\reeves_boutique_django\.venv\Lib\site-packages\django\http\request.py", line 203, in get_host
    raise DisallowedHost(msg)
django.core.exceptions.DisallowedHost: Invalid HTTP_HOST header: 'testserver'. You may need to add 'testserver' to ALLOWED_HOSTS.
INFO 2026-08-11 20:24:38,634 services 21184 21436 Restored 6 units of stock for cancelled/refunded order RB-260811-45FB03
INFO 2026-08-11 20:25:13,069 services 21184 21436 Restored 2 units of stock for cancelled/refunded order RB-260811-3D80A2
INFO 2026-08-11 20:25:20,029 views 21184 21436 User logged in: jane
INFO 2026-08-11 20:25:21,484 emails 21184 21436 Email not sent (Welcome to Reeves Boutique) because SMTP is disabled in settings.
INFO 2026-08-11 20:25:25,005 emails 21184 21436 Email not sent (Order RB-260811-7273D0 received at Reeves Boutique) because SMTP is disabled in settings.
INFO 2026-08-11 20:25:25,651 emails 21184 21436 Email not sent (Order RB-260811-8F7105 received at Reeves Boutique) because SMTP is disabled in settings.
INFO 2026-08-11 20:25:44,001 services 21184 21436 Restored 2 units of stock for cancelled/refunded order RB-260811-4F9463
INFO 2026-08-11 20:25:44,007 manage_views 21184 21436 Order RB-260811-4F9463 status changed to cancelled by admin
INFO 2026-08-11 20:25:46,348 views 21184 21436 M-Pesa payment confirmed for req-1 receipt PJX123ABC amount 2150.00
INFO 2026-08-11 20:25:46,359 views 21184 21436 M-Pesa callback already processed for req-1 (status completed)
INFO 2026-08-11 20:25:46,446 views 21184 21436 M-Pesa payment failed for req-1: The service request is processed successfully.
INFO 2026-08-11 20:25:46,510 views 21184 21436 M-Pesa payment confirmed for req-1 receipt PJX123ABC amount 2150.00
INFO 2026-08-11 20:26:18,480 services 21184 21436 Inventory alert raised for Elegant Gown (low) by admin2
INFO 2026-08-11 20:26:24,095 emails 21184 21436 Email not sent (We received your message) because SMTP is disabled in settings.
INFO 2026-08-11 20:40:52,226 services 9480 21008 Restored 6 units of stock for cancelled/refunded order RB-260811-D03FB2
INFO 2026-08-11 20:41:57,301 services 9480 21008 Restored 2 units of stock for cancelled/refunded order RB-260811-CEF71F
INFO 2026-08-11 20:42:11,125 views 9480 21008 User logged in: jane
INFO 2026-08-11 20:42:16,883 emails 9480 21008 Email not sent (Welcome to Reeves Boutique) because SMTP is disabled in settings.
INFO 2026-08-11 20:42:24,847 emails 9480 21008 Email not sent (Order RB-260811-9BCB41 received at Reeves Boutique) because SMTP is disabled in settings.
INFO 2026-08-11 20:42:26,139 emails 9480 21008 Email not sent (Order RB-260811-FBCB2F received at Reeves Boutique) because SMTP is disabled in settings.
INFO 2026-08-11 20:43:22,485 services 9480 21008 Restored 2 units of stock for cancelled/refunded order RB-260811-BA3DD1
INFO 2026-08-11 20:43:22,498 manage_views 9480 21008 Order RB-260811-BA3DD1 status changed to cancelled by admin
WARNING 2026-08-11 20:43:29,292 views 9480 21008 M-Pesa callback amount mismatch for order RB-260811-E02CCD: got 1 expected 2150.00
INFO 2026-08-11 20:43:29,521 views 9480 21008 M-Pesa payment confirmed for req-1 receipt PJX123ABC amount 2150.00
INFO 2026-08-11 20:43:29,536 views 9480 21008 M-Pesa callback already processed for req-1 (status completed)
INFO 2026-08-11 20:43:29,793 views 9480 21008 M-Pesa payment failed for req-1: The service request is processed successfully.
INFO 2026-08-11 20:43:30,085 views 9480 21008 M-Pesa payment failed for req-1: The service request is processed successfully.
INFO 2026-08-11 20:43:30,339 views 9480 21008 M-Pesa payment confirmed for req-1 receipt PJX123ABC amount 2150.00
INFO 2026-08-11 20:43:30,588 views 9480 21008 M-Pesa payment confirmed for req-1 receipt PJX123ABC amount 2150.00
INFO 2026-08-11 20:44:59,339 services 9480 21008 Inventory alert raised for Elegant Gown (low) by admin2
INFO 2026-08-11 20:45:13,156 emails 9480 21008 Email not sent (We received your message) because SMTP is disabled in settings.
INFO 2026-08-11 20:49:01,091 services 16116 9128 Restored 2 units of stock for cancelled/refunded order RB-260811-A6CDB5
ERROR 2026-08-11 20:49:01,395 views 16116 9128 Error handling M-Pesa callback
Traceback (most recent call last):
  File "C:\Users\ADMIN\OneDrive\Desktop\e-comerce\reeves_boutique_django\store\views.py", line 550, in mpesa_callback
    data = json.loads(request.body)
  File "C:\Users\ADMIN\AppData\Local\Programs\Python\Python314\Lib\json\__init__.py", line 352, in loads
    return _default_decoder.decode(s)
           ~~~~~~~~~~~~~~~~~~~~~~~^^^
  File "C:\Users\ADMIN\AppData\Local\Programs\Python\Python314\Lib\json\decoder.py", line 345, in decode
    obj, end = self.raw_decode(s, idx=_w(s, 0).end())
               ~~~~~~~~~~~~~~~^^^^^^^^^^^^^^^^^^^^^^^
  File "C:\Users\ADMIN\AppData\Local\Programs\Python\Python314\Lib\json\decoder.py", line 363, in raw_decode
    raise JSONDecodeError("Expecting value", s, err.value) from None
json.decoder.JSONDecodeError: Expecting value: line 1 column 1 (char 0)
INFO 2026-08-11 20:49:01,673 views 16116 9128 M-Pesa payment failed for req-1: processed
INFO 2026-08-11 20:49:01,696 services 16116 9128 Restored 2 units of stock for cancelled/refunded order RB-260811-83F7B4
INFO 2026-08-11 20:49:01,701 emails 16116 9128 Email not sent (Payment failed for order RB-260811-83F7B4) because SMTP is disabled in settings.
INFO 2026-08-11 20:49:01,998 views 16116 9128 M-Pesa payment confirmed for req-1 receipt PJX123ABC amount 2150.00
INFO 2026-08-11 20:49:02,002 emails 16116 9128 Email not sent (Payment confirmed for order RB-260811-105796) because SMTP is disabled in settings.
WARNING 2026-08-11 20:49:02,205 views 16116 9128 M-Pesa callback for unknown CheckoutRequestID nope
INFO 2026-08-11 20:49:10,330 services 16116 9128 Restored 2 units of stock for cancelled/refunded order RB-260811-4B73F0
INFO 2026-08-11 20:49:10,445 mpesa 16116 9128 STK push sent for order RB-260811-01BFCE (254712345678) checkout id ws_CO_123
INFO 2026-08-11 20:49:59,081 services 14616 17984 Restored 2 units of stock for cancelled/refunded order RB-260811-ACCA3F
ERROR 2026-08-11 20:49:59,318 views 14616 17984 Error handling M-Pesa callback
Traceback (most recent call last):
  File "C:\Users\ADMIN\OneDrive\Desktop\e-comerce\reeves_boutique_django\store\views.py", line 550, in mpesa_callback
    data = json.loads(request.body)
  File "C:\Users\ADMIN\AppData\Local\Programs\Python\Python314\Lib\json\__init__.py", line 352, in loads
    return _default_decoder.decode(s)
           ~~~~~~~~~~~~~~~~~~~~~~~^^^
  File "C:\Users\ADMIN\AppData\Local\Programs\Python\Python314\Lib\json\decoder.py", line 345, in decode
    obj, end = self.raw_decode(s, idx=_w(s, 0).end())
               ~~~~~~~~~~~~~~~^^^^^^^^^^^^^^^^^^^^^^^
  File "C:\Users\ADMIN\AppData\Local\Programs\Python\Python314\Lib\json\decoder.py", line 363, in raw_decode
    raise JSONDecodeError("Expecting value", s, err.value) from None
json.decoder.JSONDecodeError: Expecting value: line 1 column 1 (char 0)
INFO 2026-08-11 20:49:59,456 views 14616 17984 M-Pesa payment failed for req-1: processed
INFO 2026-08-11 20:49:59,487 services 14616 17984 Restored 2 units of stock for cancelled/refunded order RB-260811-838165
INFO 2026-08-11 20:49:59,493 emails 14616 17984 Email not sent (Payment failed for order RB-260811-838165) because SMTP is disabled in settings.
INFO 2026-08-11 20:49:59,681 views 14616 17984 M-Pesa payment confirmed for req-1 receipt PJX123ABC amount 2150.00
INFO 2026-08-11 20:49:59,688 emails 14616 17984 Email not sent (Payment confirmed for order RB-260811-8E6B2E) because SMTP is disabled in settings.
WARNING 2026-08-11 20:49:59,829 views 14616 17984 M-Pesa callback for unknown CheckoutRequestID nope
INFO 2026-08-11 20:50:06,972 services 14616 17984 Restored 2 units of stock for cancelled/refunded order RB-260811-89EB07
INFO 2026-08-11 20:50:07,085 mpesa 14616 17984 STK push sent for order RB-260811-3045B3 (254712345678) checkout id ws_CO_123
INFO 2026-08-11 20:51:02,647 services 10076 9808 Restored 2 units of stock for cancelled/refunded order RB-260811-1290D1
ERROR 2026-08-11 20:51:02,876 views 10076 9808 Error handling M-Pesa callback
Traceback (most recent call last):
  File "C:\Users\ADMIN\OneDrive\Desktop\e-comerce\reeves_boutique_django\store\views.py", line 550, in mpesa_callback
    data = json.loads(request.body)
  File "C:\Users\ADMIN\AppData\Local\Programs\Python\Python314\Lib\json\__init__.py", line 352, in loads
    return _default_decoder.decode(s)
           ~~~~~~~~~~~~~~~~~~~~~~~^^^
  File "C:\Users\ADMIN\AppData\Local\Programs\Python\Python314\Lib\json\decoder.py", line 345, in decode
    obj, end = self.raw_decode(s, idx=_w(s, 0).end())
               ~~~~~~~~~~~~~~~^^^^^^^^^^^^^^^^^^^^^^^
  File "C:\Users\ADMIN\AppData\Local\Programs\Python\Python314\Lib\json\decoder.py", line 363, in raw_decode
    raise JSONDecodeError("Expecting value", s, err.value) from None
json.decoder.JSONDecodeError: Expecting value: line 1 column 1 (char 0)
INFO 2026-08-11 20:51:03,030 views 10076 9808 M-Pesa payment failed for req-1: processed
INFO 2026-08-11 20:51:03,048 services 10076 9808 Restored 2 units of stock for cancelled/refunded order RB-260811-15024F
INFO 2026-08-11 20:51:03,054 emails 10076 9808 Email not sent (Payment failed for order RB-260811-15024F) because SMTP is disabled in settings.
INFO 2026-08-11 20:51:03,316 views 10076 9808 M-Pesa payment confirmed for req-1 receipt PJX123ABC amount 2150.00
INFO 2026-08-11 20:51:03,318 emails 10076 9808 Email not sent (Payment confirmed for order RB-260811-B4B560) because SMTP is disabled in settings.
WARNING 2026-08-11 20:51:03,504 views 10076 9808 M-Pesa callback for unknown CheckoutRequestID nope
INFO 2026-08-11 20:51:07,638 manage_views 10076 9808 Payment 1 approved manually for order RB-260811-045E06 by admin
INFO 2026-08-11 20:51:07,641 emails 10076 9808 Email not sent (Payment confirmed for order RB-260811-045E06) because SMTP is disabled in settings.
INFO 2026-08-11 20:51:11,420 services 10076 9808 Restored 2 units of stock for cancelled/refunded order RB-260811-D415A1
INFO 2026-08-11 20:51:11,424 manage_views 10076 9808 Payment 1 rejected for order RB-260811-D415A1 by admin
INFO 2026-08-11 20:51:11,427 emails 10076 9808 Email not sent (Payment failed for order RB-260811-D415A1) because SMTP is disabled in settings.
INFO 2026-08-11 20:51:44,369 services 10076 9808 Restored 2 units of stock for cancelled/refunded order RB-260811-9E8D00
INFO 2026-08-11 20:51:44,506 mpesa 10076 9808 STK push sent for order RB-260811-D6ECFB (254712345678) checkout id ws_CO_123
INFO 2026-08-11 20:52:14,630 services 19140 17896 Restored 2 units of stock for cancelled/refunded order RB-260811-13A74A
ERROR 2026-08-11 20:52:14,865 views 19140 17896 Error handling M-Pesa callback
Traceback (most recent call last):
  File "C:\Users\ADMIN\OneDrive\Desktop\e-comerce\reeves_boutique_django\store\views.py", line 550, in mpesa_callback
    data = json.loads(request.body)
  File "C:\Users\ADMIN\AppData\Local\Programs\Python\Python314\Lib\json\__init__.py", line 352, in loads
    return _default_decoder.decode(s)
           ~~~~~~~~~~~~~~~~~~~~~~~^^^
  File "C:\Users\ADMIN\AppData\Local\Programs\Python\Python314\Lib\json\decoder.py", line 345, in decode
    obj, end = self.raw_decode(s, idx=_w(s, 0).end())
               ~~~~~~~~~~~~~~~^^^^^^^^^^^^^^^^^^^^^^^
  File "C:\Users\ADMIN\AppData\Local\Programs\Python\Python314\Lib\json\decoder.py", line 363, in raw_decode
    raise JSONDecodeError("Expecting value", s, err.value) from None
json.decoder.JSONDecodeError: Expecting value: line 1 column 1 (char 0)
INFO 2026-08-11 20:52:15,073 views 19140 17896 M-Pesa payment failed for req-1: processed
INFO 2026-08-11 20:52:15,091 services 19140 17896 Restored 2 units of stock for cancelled/refunded order RB-260811-365DCE
INFO 2026-08-11 20:52:15,098 emails 19140 17896 Email not sent (Payment failed for order RB-260811-365DCE) because SMTP is disabled in settings.
INFO 2026-08-11 20:52:15,333 views 19140 17896 M-Pesa payment confirmed for req-1 receipt PJX123ABC amount 2150.00
INFO 2026-08-11 20:52:15,338 emails 19140 17896 Email not sent (Payment confirmed for order RB-260811-2EE161) because SMTP is disabled in settings.
WARNING 2026-08-11 20:52:15,502 views 19140 17896 M-Pesa callback for unknown CheckoutRequestID nope
INFO 2026-08-11 20:52:18,234 manage_views 19140 17896 Payment 1 approved manually for order RB-260811-14BDE7 by admin
INFO 2026-08-11 20:52:18,237 emails 19140 17896 Email not sent (Payment confirmed for order RB-260811-14BDE7) because SMTP is disabled in settings.
INFO 2026-08-11 20:52:21,072 services 19140 17896 Restored 2 units of stock for cancelled/refunded order RB-260811-59E788
INFO 2026-08-11 20:52:21,073 manage_views 19140 17896 Payment 1 rejected for order RB-260811-59E788 by admin
INFO 2026-08-11 20:52:21,074 emails 19140 17896 Email not sent (Payment failed for order RB-260811-59E788) because SMTP is disabled in settings.
INFO 2026-08-11 20:52:44,053 services 19140 17896 Restored 2 units of stock for cancelled/refunded order RB-260811-5FAF19
INFO 2026-08-11 20:52:44,102 mpesa 19140 17896 STK push sent for order RB-260811-30D42C (254712345678) checkout id ws_CO_123
INFO 2026-08-11 20:53:09,198 services 14256 5340 Restored 2 units of stock for cancelled/refunded order RB-260811-51F79E
ERROR 2026-08-11 20:53:09,380 views 14256 5340 Error handling M-Pesa callback
Traceback (most recent call last):
  File "C:\Users\ADMIN\OneDrive\Desktop\e-comerce\reeves_boutique_django\store\views.py", line 550, in mpesa_callback
    data = json.loads(request.body)
  File "C:\Users\ADMIN\AppData\Local\Programs\Python\Python314\Lib\json\__init__.py", line 352, in loads
    return _default_decoder.decode(s)
           ~~~~~~~~~~~~~~~~~~~~~~~^^^
  File "C:\Users\ADMIN\AppData\Local\Programs\Python\Python314\Lib\json\decoder.py", line 345, in decode
    obj, end = self.raw_decode(s, idx=_w(s, 0).end())
               ~~~~~~~~~~~~~~~^^^^^^^^^^^^^^^^^^^^^^^
  File "C:\Users\ADMIN\AppData\Local\Programs\Python\Python314\Lib\json\decoder.py", line 363, in raw_decode
    raise JSONDecodeError("Expecting value", s, err.value) from None
json.decoder.JSONDecodeError: Expecting value: line 1 column 1 (char 0)
INFO 2026-08-11 20:53:09,486 views 14256 5340 M-Pesa payment failed for req-1: processed
INFO 2026-08-11 20:53:09,499 services 14256 5340 Restored 2 units of stock for cancelled/refunded order RB-260811-0F76BF
INFO 2026-08-11 20:53:09,504 emails 14256 5340 Email not sent (Payment failed for order RB-260811-0F76BF) because SMTP is disabled in settings.
INFO 2026-08-11 20:53:09,679 views 14256 5340 M-Pesa payment confirmed for req-paid receipt PJXPAID1 amount 2150.00
INFO 2026-08-11 20:53:09,681 emails 14256 5340 Email not sent (Payment confirmed for order RB-260811-FCB890) because SMTP is disabled in settings.
INFO 2026-08-11 20:53:09,828 views 14256 5340 M-Pesa payment confirmed for req-1 receipt PJX123ABC amount 2150.00
INFO 2026-08-11 20:53:09,830 emails 14256 5340 Email not sent (Payment confirmed for order RB-260811-B4E0D0) because SMTP is disabled in settings.
WARNING 2026-08-11 20:53:09,957 views 14256 5340 M-Pesa callback for unknown CheckoutRequestID nope
INFO 2026-08-11 20:53:12,956 manage_views 14256 5340 Payment 1 approved manually for order RB-260811-0C0BD5 by admin
INFO 2026-08-11 20:53:12,962 emails 14256 5340 Email not sent (Payment confirmed for order RB-260811-0C0BD5) because SMTP is disabled in settings.
INFO 2026-08-11 20:53:16,728 services 14256 5340 Restored 2 units of stock for cancelled/refunded order RB-260811-024115
INFO 2026-08-11 20:53:16,734 manage_views 14256 5340 Payment 1 rejected for order RB-260811-024115 by admin
INFO 2026-08-11 20:53:16,740 emails 14256 5340 Email not sent (Payment failed for order RB-260811-024115) because SMTP is disabled in settings.
INFO 2026-08-11 20:54:09,038 services 14256 5340 Restored 2 units of stock for cancelled/refunded order RB-260811-E3C0A7
INFO 2026-08-11 20:54:09,086 mpesa 14256 5340 STK push sent for order RB-260811-E7C536 (254712345678) checkout id ws_CO_123
INFO 2026-08-11 20:54:25,320 services 8188 10068 Restored 6 units of stock for cancelled/refunded order RB-260811-7EB1DA
INFO 2026-08-11 20:54:49,543 services 8188 10068 Restored 2 units of stock for cancelled/refunded order RB-260811-A76C09
ERROR 2026-08-11 20:54:49,625 views 8188 10068 Error handling M-Pesa callback
Traceback (most recent call last):
  File "C:\Users\ADMIN\OneDrive\Desktop\e-comerce\reeves_boutique_django\store\views.py", line 550, in mpesa_callback
    data = json.loads(request.body)
  File "C:\Users\ADMIN\AppData\Local\Programs\Python\Python314\Lib\json\__init__.py", line 352, in loads
    return _default_decoder.decode(s)
           ~~~~~~~~~~~~~~~~~~~~~~~^^^
  File "C:\Users\ADMIN\AppData\Local\Programs\Python\Python314\Lib\json\decoder.py", line 345, in decode
    obj, end = self.raw_decode(s, idx=_w(s, 0).end())
               ~~~~~~~~~~~~~~~^^^^^^^^^^^^^^^^^^^^^^^
  File "C:\Users\ADMIN\AppData\Local\Programs\Python\Python314\Lib\json\decoder.py", line 363, in raw_decode
    raise JSONDecodeError("Expecting value", s, err.value) from None
json.decoder.JSONDecodeError: Expecting value: line 1 column 1 (char 0)
INFO 2026-08-11 20:54:49,709 views 8188 10068 M-Pesa payment failed for req-1: processed
INFO 2026-08-11 20:54:49,718 services 8188 10068 Restored 2 units of stock for cancelled/refunded order RB-260811-0F7F7F
INFO 2026-08-11 20:54:49,720 emails 8188 10068 Email not sent (Payment failed for order RB-260811-0F7F7F) because SMTP is disabled in settings.
INFO 2026-08-11 20:54:49,816 views 8188 10068 M-Pesa payment confirmed for req-paid receipt PJXPAID1 amount 2150.00
INFO 2026-08-11 20:54:49,818 emails 8188 10068 Email not sent (Payment confirmed for order RB-260811-B37EEE) because SMTP is disabled in settings.
INFO 2026-08-11 20:54:49,900 views 8188 10068 M-Pesa payment confirmed for req-1 receipt PJX123ABC amount 2150.00
INFO 2026-08-11 20:54:49,902 emails 8188 10068 Email not sent (Payment confirmed for order RB-260811-E608FC) because SMTP is disabled in settings.
WARNING 2026-08-11 20:54:49,975 views 8188 10068 M-Pesa callback for unknown CheckoutRequestID nope
INFO 2026-08-11 20:54:52,016 manage_views 8188 10068 Payment 1 approved manually for order RB-260811-8729E7 by admin
INFO 2026-08-11 20:54:52,019 emails 8188 10068 Email not sent (Payment confirmed for order RB-260811-8729E7) because SMTP is disabled in settings.
INFO 2026-08-11 20:54:54,926 services 8188 10068 Restored 2 units of stock for cancelled/refunded order RB-260811-3A3291
INFO 2026-08-11 20:54:54,929 manage_views 8188 10068 Payment 1 rejected for order RB-260811-3A3291 by admin
INFO 2026-08-11 20:54:54,934 emails 8188 10068 Email not sent (Payment failed for order RB-260811-3A3291) because SMTP is disabled in settings.
INFO 2026-08-11 20:55:25,664 services 8188 10068 Restored 2 units of stock for cancelled/refunded order RB-260811-8246AB
INFO 2026-08-11 20:55:25,702 mpesa 8188 10068 STK push sent for order RB-260811-79B97E (254712345678) checkout id ws_CO_123
INFO 2026-08-11 20:55:31,816 services 8188 10068 Restored 2 units of stock for cancelled/refunded order RB-260811-830D21
INFO 2026-08-11 20:55:36,295 views 8188 10068 User logged in: jane
INFO 2026-08-11 20:55:37,790 emails 8188 10068 Email not sent (Welcome to Reeves Boutique) because SMTP is disabled in settings.
INFO 2026-08-11 20:55:40,940 emails 8188 10068 Email not sent (Order RB-260811-99C3BA received at Reeves Boutique) because SMTP is disabled in settings.
INFO 2026-08-11 20:55:41,564 emails 8188 10068 Email not sent (Order RB-260811-1E3864 received at Reeves Boutique) because SMTP is disabled in settings.
INFO 2026-08-11 20:56:01,041 services 8188 10068 Restored 2 units of stock for cancelled/refunded order RB-260811-3BC06D
INFO 2026-08-11 20:56:01,049 manage_views 8188 10068 Order RB-260811-3BC06D status changed to cancelled by admin
WARNING 2026-08-11 20:56:04,254 views 8188 10068 M-Pesa callback amount mismatch for order RB-260811-58E15D: got 1 expected 2150.00
INFO 2026-08-11 20:56:04,341 views 8188 10068 M-Pesa payment confirmed for req-1 receipt PJX123ABC amount 2150.00
INFO 2026-08-11 20:56:04,346 views 8188 10068 M-Pesa callback already processed for req-1 (status completed)
INFO 2026-08-11 20:56:04,420 views 8188 10068 M-Pesa payment failed for req-1: The service request is processed successfully.
INFO 2026-08-11 20:56:04,500 views 8188 10068 M-Pesa payment failed for req-1: The service request is processed successfully.
INFO 2026-08-11 20:56:04,600 views 8188 10068 M-Pesa payment confirmed for req-1 receipt PJX123ABC amount 2150.00
INFO 2026-08-11 20:56:04,680 views 8188 10068 M-Pesa payment confirmed for req-1 receipt PJX123ABC amount 2150.00
INFO 2026-08-11 20:56:39,482 services 8188 10068 Inventory alert raised for Elegant Gown (low) by admin2
INFO 2026-08-11 20:56:45,659 emails 8188 10068 Email not sent (We received your message) because SMTP is disabled in settings.
ERROR 2026-08-11 21:06:13,972 manage_views 4104 21240 SMTP test failed for who@example.com: connection refused
INFO 2026-08-11 21:06:19,028 manage_views 4104 21240 SMTP test email sent to who@example.com via smtp.gmail.com
INFO 2026-08-11 21:06:25,510 emails 4104 21240 Email sent to jane@example.com: Password reset for Reeves Boutique
INFO 2026-08-11 21:06:33,799 emails 4104 21240 Email not sent (Password reset for Reeves Boutique) because SMTP is disabled in settings.
INFO 2026-08-11 21:06:35,152 emails 4104 21240 Email sent to jane@example.com: Password reset for Reeves Boutique
INFO 2026-08-11 21:06:37,817 emails 4104 21240 Email sent to jane@example.com: Password reset for Reeves Boutique
ERROR 2026-08-11 21:06:55,476 log 19048 21140 Invalid HTTP_HOST header: 'testserver'. You may need to add 'testserver' to ALLOWED_HOSTS.
Traceback (most recent call last):
  File "C:\Users\ADMIN\OneDrive\Desktop\e-comerce\reeves_boutique_django\.venv\Lib\site-packages\django\core\handlers\exception.py", line 55, in inner
    response = get_response(request)
  File "C:\Users\ADMIN\OneDrive\Desktop\e-comerce\reeves_boutique_django\.venv\Lib\site-packages\django\utils\deprecation.py", line 119, in __call__
    response = self.process_request(request)
  File "C:\Users\ADMIN\OneDrive\Desktop\e-comerce\reeves_boutique_django\.venv\Lib\site-packages\django\middleware\common.py", line 48, in process_request
    host = request.get_host()
  File "C:\Users\ADMIN\OneDrive\Desktop\e-comerce\reeves_boutique_django\.venv\Lib\site-packages\django\http\request.py", line 203, in get_host
    raise DisallowedHost(msg)
django.core.exceptions.DisallowedHost: Invalid HTTP_HOST header: 'testserver'. You may need to add 'testserver' to ALLOWED_HOSTS.
INFO 2026-08-11 21:07:35,202 emails 14364 16536 Email sent to jane@example.com: Password reset for Reeves Boutique
ERROR 2026-08-11 21:08:21,675 manage_views 14096 9516 SMTP test failed for who@example.com: connection refused
INFO 2026-08-11 21:08:31,376 manage_views 14096 9516 SMTP test email sent to who@example.com via smtp.gmail.com
INFO 2026-08-11 21:08:40,847 emails 14096 9516 Email sent to jane@example.com: Password reset for Reeves Boutique
INFO 2026-08-11 21:08:55,173 emails 14096 9516 Email not sent (Password reset for Reeves Boutique) because SMTP is disabled in settings.
INFO 2026-08-11 21:08:56,565 emails 14096 9516 Email sent to jane@example.com: Password reset for Reeves Boutique
INFO 2026-08-11 21:09:14,070 emails 14096 9516 Email sent to jane@example.com: Password reset for Reeves Boutique
INFO 2026-08-11 21:09:32,275 services 20096 9148 Restored 6 units of stock for cancelled/refunded order RB-260811-49F60D
ERROR 2026-08-11 21:10:20,078 manage_views 20096 9148 SMTP test failed for who@example.com: connection refused
INFO 2026-08-11 21:10:27,973 manage_views 20096 9148 SMTP test email sent to who@example.com via smtp.gmail.com
INFO 2026-08-11 21:10:38,512 emails 20096 9148 Email sent to jane@example.com: Password reset for Reeves Boutique
INFO 2026-08-11 21:10:47,770 emails 20096 9148 Email not sent (Password reset for Reeves Boutique) because SMTP is disabled in settings.
INFO 2026-08-11 21:10:49,936 emails 20096 9148 Email sent to jane@example.com: Password reset for Reeves Boutique
INFO 2026-08-11 21:11:00,313 emails 20096 9148 Email sent to jane@example.com: Password reset for Reeves Boutique
INFO 2026-08-11 21:11:00,431 services 20096 9148 Restored 2 units of stock for cancelled/refunded order RB-260811-9E163A
ERROR 2026-08-11 21:11:00,584 views 20096 9148 Error handling M-Pesa callback
Traceback (most recent call last):
  File "C:\Users\ADMIN\OneDrive\Desktop\e-comerce\reeves_boutique_django\store\views.py", line 575, in mpesa_callback
    data = json.loads(request.body)
  File "C:\Users\ADMIN\AppData\Local\Programs\Python\Python314\Lib\json\__init__.py", line 352, in loads
    return _default_decoder.decode(s)
           ~~~~~~~~~~~~~~~~~~~~~~~^^^
  File "C:\Users\ADMIN\AppData\Local\Programs\Python\Python314\Lib\json\decoder.py", line 345, in decode
    obj, end = self.raw_decode(s, idx=_w(s, 0).end())
               ~~~~~~~~~~~~~~~^^^^^^^^^^^^^^^^^^^^^^^
  File "C:\Users\ADMIN\AppData\Local\Programs\Python\Python314\Lib\json\decoder.py", line 363, in raw_decode
    raise JSONDecodeError("Expecting value", s, err.value) from None
json.decoder.JSONDecodeError: Expecting value: line 1 column 1 (char 0)
INFO 2026-08-11 21:11:00,737 views 20096 9148 M-Pesa payment failed for req-1: processed
INFO 2026-08-11 21:11:00,759 services 20096 9148 Restored 2 units of stock for cancelled/refunded order RB-260811-2453EF
INFO 2026-08-11 21:11:00,765 emails 20096 9148 Email not sent (Payment failed for order RB-260811-2453EF) because SMTP is disabled in settings.
INFO 2026-08-11 21:11:00,904 views 20096 9148 M-Pesa payment confirmed for req-paid receipt PJXPAID1 amount 2150.00
INFO 2026-08-11 21:11:00,910 emails 20096 9148 Email not sent (Payment confirmed for order RB-260811-88772C) because SMTP is disabled in settings.
INFO 2026-08-11 21:11:01,027 views 20096 9148 M-Pesa payment confirmed for req-1 receipt PJX123ABC amount 2150.00
INFO 2026-08-11 21:11:01,031 emails 20096 9148 Email not sent (Payment confirmed for order RB-260811-3FC120) because SMTP is disabled in settings.
WARNING 2026-08-11 21:11:01,196 views 20096 9148 M-Pesa callback for unknown CheckoutRequestID nope
INFO 2026-08-11 21:11:03,806 manage_views 20096 9148 Payment 1 approved manually for order RB-260811-631B89 by admin
INFO 2026-08-11 21:11:03,816 emails 20096 9148 Email not sent (Payment confirmed for order RB-260811-631B89) because SMTP is disabled in settings.
INFO 2026-08-11 21:11:06,948 services 20096 9148 Restored 2 units of stock for cancelled/refunded order RB-260811-EE3BA0
INFO 2026-08-11 21:11:06,950 manage_views 20096 9148 Payment 1 rejected for order RB-260811-EE3BA0 by admin
INFO 2026-08-11 21:11:06,955 emails 20096 9148 Email not sent (Payment failed for order RB-260811-EE3BA0) because SMTP is disabled in settings.
INFO 2026-08-11 21:11:34,223 services 20096 9148 Restored 2 units of stock for cancelled/refunded order RB-260811-730207
INFO 2026-08-11 21:11:34,320 mpesa 20096 9148 STK push sent for order RB-260811-6F0AFD (254712345678) checkout id ws_CO_123
INFO 2026-08-11 21:11:42,520 services 20096 9148 Restored 2 units of stock for cancelled/refunded order RB-260811-DDE58D
INFO 2026-08-11 21:11:47,825 views 20096 9148 User logged in: jane
INFO 2026-08-11 21:11:49,336 emails 20096 9148 Email not sent (Welcome to Reeves Boutique) because SMTP is disabled in settings.
INFO 2026-08-11 21:11:54,534 emails 20096 9148 Email not sent (Order RB-260811-620534 received at Reeves Boutique) because SMTP is disabled in settings.
INFO 2026-08-11 21:11:55,472 emails 20096 9148 Email not sent (Order RB-260811-5CBD01 received at Reeves Boutique) because SMTP is disabled in settings.
INFO 2026-08-11 21:12:31,237 services 20096 9148 Restored 2 units of stock for cancelled/refunded order RB-260811-159F53
INFO 2026-08-11 21:12:31,240 manage_views 20096 9148 Order RB-260811-159F53 status changed to cancelled by admin
WARNING 2026-08-11 21:12:34,482 views 20096 9148 M-Pesa callback amount mismatch for order RB-260811-66AF6D: got 1 expected 2150.00
INFO 2026-08-11 21:12:34,768 views 20096 9148 M-Pesa payment confirmed for req-1 receipt PJX123ABC amount 2150.00
INFO 2026-08-11 21:12:34,790 views 20096 9148 M-Pesa callback already processed for req-1 (status completed)
INFO 2026-08-11 21:12:34,905 views 20096 9148 M-Pesa payment failed for req-1: The service request is processed successfully.
INFO 2026-08-11 21:12:35,074 views 20096 9148 M-Pesa payment failed for req-1: The service request is processed successfully.
INFO 2026-08-11 21:12:35,417 views 20096 9148 M-Pesa payment confirmed for req-1 receipt PJX123ABC amount 2150.00
INFO 2026-08-11 21:12:35,603 views 20096 9148 M-Pesa payment confirmed for req-1 receipt PJX123ABC amount 2150.00
INFO 2026-08-11 21:13:21,051 services 20096 9148 Inventory alert raised for Elegant Gown (low) by admin2
INFO 2026-08-11 21:13:28,585 emails 20096 9148 Email not sent (We received your message) because SMTP is disabled in settings.
ERROR 2026-08-11 21:21:24,072 log 9128 19732 Internal Server Error: /search/suggestions/
Traceback (most recent call last):
  File "C:\Users\ADMIN\OneDrive\Desktop\e-comerce\reeves_boutique_django\.venv\Lib\site-packages\django\core\handlers\exception.py", line 55, in inner
    response = get_response(request)
  File "C:\Users\ADMIN\OneDrive\Desktop\e-comerce\reeves_boutique_django\.venv\Lib\site-packages\django\core\handlers\base.py", line 197, in _get_response
    response = wrapped_callback(request, *callback_args, **callback_kwargs)
  File "C:\Users\ADMIN\OneDrive\Desktop\e-comerce\reeves_boutique_django\store\views.py", line 151, in search_suggestions
    .order_by('-is_bestseller', '-sales', '-created_at')[:6])
     ~~~~~~~~^^^^^^^^^^^^^^^^^^^^^^^^^^^^^^^^^^^^^^^^^^^
  File "C:\Users\ADMIN\OneDrive\Desktop\e-comerce\reeves_boutique_django\.venv\Lib\site-packages\django\db\models\query.py", line 1727, in order_by
    obj.query.add_ordering(*field_names)
    ~~~~~~~~~~~~~~~~~~~~~~^^^^^^^^^^^^^^
  File "C:\Users\ADMIN\OneDrive\Desktop\e-comerce\reeves_boutique_django\.venv\Lib\site-packages\django\db\models\sql\query.py", line 2312, in add_ordering
    self.names_to_path(item.split(LOOKUP_SEP), self.model._meta)
    ~~~~~~~~~~~~~~~~~~^^^^^^^^^^^^^^^^^^^^^^^^^^^^^^^^^^^^^^^^^^
  File "C:\Users\ADMIN\OneDrive\Desktop\e-comerce\reeves_boutique_django\.venv\Lib\site-packages\django\db\models\sql\query.py", line 1813, in names_to_path
    raise FieldError(
    ...<2 lines>...
    )
django.core.exceptions.FieldError: Cannot resolve keyword 'sales' into field. Choices are: active, brand, category, category_id, created_at, description, desired_stock_level, featured, hidden, id, image, image_url, images, inventory_alerts, inventory_changes, is_archived, is_bestseller, is_new, low_stock_threshold, name, old_price, order_items, price, rating, reviews, reviews_count, sale_price, short_description, sku, slug, stock, updated_at, wishlisted_by
ERROR 2026-08-11 21:21:24,341 log 9128 19732 Internal Server Error: /search/suggestions/
Traceback (most recent call last):
  File "C:\Users\ADMIN\OneDrive\Desktop\e-comerce\reeves_boutique_django\.venv\Lib\site-packages\django\core\handlers\exception.py", line 55, in inner
    response = get_response(request)
  File "C:\Users\ADMIN\OneDrive\Desktop\e-comerce\reeves_boutique_django\.venv\Lib\site-packages\django\core\handlers\base.py", line 197, in _get_response
    response = wrapped_callback(request, *callback_args, **callback_kwargs)
  File "C:\Users\ADMIN\OneDrive\Desktop\e-comerce\reeves_boutique_django\store\views.py", line 151, in search_suggestions
    .order_by('-is_bestseller', '-sales', '-created_at')[:6])
     ~~~~~~~~^^^^^^^^^^^^^^^^^^^^^^^^^^^^^^^^^^^^^^^^^^^
  File "C:\Users\ADMIN\OneDrive\Desktop\e-comerce\reeves_boutique_django\.venv\Lib\site-packages\django\db\models\query.py", line 1727, in order_by
    obj.query.add_ordering(*field_names)
    ~~~~~~~~~~~~~~~~~~~~~~^^^^^^^^^^^^^^
  File "C:\Users\ADMIN\OneDrive\Desktop\e-comerce\reeves_boutique_django\.venv\Lib\site-packages\django\db\models\sql\query.py", line 2312, in add_ordering
    self.names_to_path(item.split(LOOKUP_SEP), self.model._meta)
    ~~~~~~~~~~~~~~~~~~^^^^^^^^^^^^^^^^^^^^^^^^^^^^^^^^^^^^^^^^^^
  File "C:\Users\ADMIN\OneDrive\Desktop\e-comerce\reeves_boutique_django\.venv\Lib\site-packages\django\db\models\sql\query.py", line 1813, in names_to_path
    raise FieldError(
    ...<2 lines>...
    )
django.core.exceptions.FieldError: Cannot resolve keyword 'sales' into field. Choices are: active, brand, category, category_id, created_at, description, desired_stock_level, featured, hidden, id, image, image_url, images, inventory_alerts, inventory_changes, is_archived, is_bestseller, is_new, low_stock_threshold, name, old_price, order_items, price, rating, reviews, reviews_count, sale_price, short_description, sku, slug, stock, updated_at, wishlisted_by
ERROR 2026-08-11 21:21:24,670 log 9128 19732 Internal Server Error: /search/suggestions/
Traceback (most recent call last):
  File "C:\Users\ADMIN\OneDrive\Desktop\e-comerce\reeves_boutique_django\.venv\Lib\site-packages\django\core\handlers\exception.py", line 55, in inner
    response = get_response(request)
  File "C:\Users\ADMIN\OneDrive\Desktop\e-comerce\reeves_boutique_django\.venv\Lib\site-packages\django\core\handlers\base.py", line 197, in _get_response
    response = wrapped_callback(request, *callback_args, **callback_kwargs)
  File "C:\Users\ADMIN\OneDrive\Desktop\e-comerce\reeves_boutique_django\store\views.py", line 151, in search_suggestions
    .order_by('-is_bestseller', '-sales', '-created_at')[:6])
     ~~~~~~~~^^^^^^^^^^^^^^^^^^^^^^^^^^^^^^^^^^^^^^^^^^^
  File "C:\Users\ADMIN\OneDrive\Desktop\e-comerce\reeves_boutique_django\.venv\Lib\site-packages\django\db\models\query.py", line 1727, in order_by
    obj.query.add_ordering(*field_names)
    ~~~~~~~~~~~~~~~~~~~~~~^^^^^^^^^^^^^^
  File "C:\Users\ADMIN\OneDrive\Desktop\e-comerce\reeves_boutique_django\.venv\Lib\site-packages\django\db\models\sql\query.py", line 2312, in add_ordering
    self.names_to_path(item.split(LOOKUP_SEP), self.model._meta)
    ~~~~~~~~~~~~~~~~~~^^^^^^^^^^^^^^^^^^^^^^^^^^^^^^^^^^^^^^^^^^
  File "C:\Users\ADMIN\OneDrive\Desktop\e-comerce\reeves_boutique_django\.venv\Lib\site-packages\django\db\models\sql\query.py", line 1813, in names_to_path
    raise FieldError(
    ...<2 lines>...
    )
django.core.exceptions.FieldError: Cannot resolve keyword 'sales' into field. Choices are: active, brand, category, category_id, created_at, description, desired_stock_level, featured, hidden, id, image, image_url, images, inventory_alerts, inventory_changes, is_archived, is_bestseller, is_new, low_stock_threshold, name, old_price, order_items, price, rating, reviews, reviews_count, sale_price, short_description, sku, slug, stock, updated_at, wishlisted_by
ERROR 2026-08-11 21:21:24,988 log 9128 19732 Internal Server Error: /search/suggestions/
Traceback (most recent call last):
  File "C:\Users\ADMIN\OneDrive\Desktop\e-comerce\reeves_boutique_django\.venv\Lib\site-packages\django\core\handlers\exception.py", line 55, in inner
    response = get_response(request)
  File "C:\Users\ADMIN\OneDrive\Desktop\e-comerce\reeves_boutique_django\.venv\Lib\site-packages\django\core\handlers\base.py", line 197, in _get_response
    response = wrapped_callback(request, *callback_args, **callback_kwargs)
  File "C:\Users\ADMIN\OneDrive\Desktop\e-comerce\reeves_boutique_django\store\views.py", line 151, in search_suggestions
    .order_by('-is_bestseller', '-sales', '-created_at')[:6])
     ~~~~~~~~^^^^^^^^^^^^^^^^^^^^^^^^^^^^^^^^^^^^^^^^^^^
  File "C:\Users\ADMIN\OneDrive\Desktop\e-comerce\reeves_boutique_django\.venv\Lib\site-packages\django\db\models\query.py", line 1727, in order_by
    obj.query.add_ordering(*field_names)
    ~~~~~~~~~~~~~~~~~~~~~~^^^^^^^^^^^^^^
  File "C:\Users\ADMIN\OneDrive\Desktop\e-comerce\reeves_boutique_django\.venv\Lib\site-packages\django\db\models\sql\query.py", line 2312, in add_ordering
    self.names_to_path(item.split(LOOKUP_SEP), self.model._meta)
    ~~~~~~~~~~~~~~~~~~^^^^^^^^^^^^^^^^^^^^^^^^^^^^^^^^^^^^^^^^^^
  File "C:\Users\ADMIN\OneDrive\Desktop\e-comerce\reeves_boutique_django\.venv\Lib\site-packages\django\db\models\sql\query.py", line 1813, in names_to_path
    raise FieldError(
    ...<2 lines>...
    )
django.core.exceptions.FieldError: Cannot resolve keyword 'sales' into field. Choices are: active, brand, category, category_id, created_at, description, desired_stock_level, featured, hidden, id, image, image_url, images, inventory_alerts, inventory_changes, is_archived, is_bestseller, is_new, low_stock_threshold, name, old_price, order_items, price, rating, reviews, reviews_count, sale_price, short_description, sku, slug, stock, updated_at, wishlisted_by
ERROR 2026-08-11 21:21:25,219 log 9128 19732 Internal Server Error: /search/suggestions/
Traceback (most recent call last):
  File "C:\Users\ADMIN\OneDrive\Desktop\e-comerce\reeves_boutique_django\.venv\Lib\site-packages\django\core\handlers\exception.py", line 55, in inner
    response = get_response(request)
  File "C:\Users\ADMIN\OneDrive\Desktop\e-comerce\reeves_boutique_django\.venv\Lib\site-packages\django\core\handlers\base.py", line 197, in _get_response
    response = wrapped_callback(request, *callback_args, **callback_kwargs)
  File "C:\Users\ADMIN\OneDrive\Desktop\e-comerce\reeves_boutique_django\store\views.py", line 151, in search_suggestions
    .order_by('-is_bestseller', '-sales', '-created_at')[:6])
     ~~~~~~~~^^^^^^^^^^^^^^^^^^^^^^^^^^^^^^^^^^^^^^^^^^^
  File "C:\Users\ADMIN\OneDrive\Desktop\e-comerce\reeves_boutique_django\.venv\Lib\site-packages\django\db\models\query.py", line 1727, in order_by
    obj.query.add_ordering(*field_names)
    ~~~~~~~~~~~~~~~~~~~~~~^^^^^^^^^^^^^^
  File "C:\Users\ADMIN\OneDrive\Desktop\e-comerce\reeves_boutique_django\.venv\Lib\site-packages\django\db\models\sql\query.py", line 2312, in add_ordering
    self.names_to_path(item.split(LOOKUP_SEP), self.model._meta)
    ~~~~~~~~~~~~~~~~~~^^^^^^^^^^^^^^^^^^^^^^^^^^^^^^^^^^^^^^^^^^
  File "C:\Users\ADMIN\OneDrive\Desktop\e-comerce\reeves_boutique_django\.venv\Lib\site-packages\django\db\models\sql\query.py", line 1813, in names_to_path
    raise FieldError(
    ...<2 lines>...
    )
django.core.exceptions.FieldError: Cannot resolve keyword 'sales' into field. Choices are: active, brand, category, category_id, created_at, description, desired_stock_level, featured, hidden, id, image, image_url, images, inventory_alerts, inventory_changes, is_archived, is_bestseller, is_new, low_stock_threshold, name, old_price, order_items, price, rating, reviews, reviews_count, sale_price, short_description, sku, slug, stock, updated_at, wishlisted_by
ERROR 2026-08-11 21:21:25,401 log 9128 19732 Internal Server Error: /search/suggestions/
Traceback (most recent call last):
  File "C:\Users\ADMIN\OneDrive\Desktop\e-comerce\reeves_boutique_django\.venv\Lib\site-packages\django\core\handlers\exception.py", line 55, in inner
    response = get_response(request)
  File "C:\Users\ADMIN\OneDrive\Desktop\e-comerce\reeves_boutique_django\.venv\Lib\site-packages\django\core\handlers\base.py", line 197, in _get_response
    response = wrapped_callback(request, *callback_args, **callback_kwargs)
  File "C:\Users\ADMIN\OneDrive\Desktop\e-comerce\reeves_boutique_django\store\views.py", line 151, in search_suggestions
    .order_by('-is_bestseller', '-sales', '-created_at')[:6])
     ~~~~~~~~^^^^^^^^^^^^^^^^^^^^^^^^^^^^^^^^^^^^^^^^^^^
  File "C:\Users\ADMIN\OneDrive\Desktop\e-comerce\reeves_boutique_django\.venv\Lib\site-packages\django\db\models\query.py", line 1727, in order_by
    obj.query.add_ordering(*field_names)
    ~~~~~~~~~~~~~~~~~~~~~~^^^^^^^^^^^^^^
  File "C:\Users\ADMIN\OneDrive\Desktop\e-comerce\reeves_boutique_django\.venv\Lib\site-packages\django\db\models\sql\query.py", line 2312, in add_ordering
    self.names_to_path(item.split(LOOKUP_SEP), self.model._meta)
    ~~~~~~~~~~~~~~~~~~^^^^^^^^^^^^^^^^^^^^^^^^^^^^^^^^^^^^^^^^^^
  File "C:\Users\ADMIN\OneDrive\Desktop\e-comerce\reeves_boutique_django\.venv\Lib\site-packages\django\db\models\sql\query.py", line 1813, in names_to_path
    raise FieldError(
    ...<2 lines>...
    )
django.core.exceptions.FieldError: Cannot resolve keyword 'sales' into field. Choices are: active, brand, category, category_id, created_at, description, desired_stock_level, featured, hidden, id, image, image_url, images, inventory_alerts, inventory_changes, is_archived, is_bestseller, is_new, low_stock_threshold, name, old_price, order_items, price, rating, reviews, reviews_count, sale_price, short_description, sku, slug, stock, updated_at, wishlisted_by
ERROR 2026-08-11 21:21:25,764 log 9128 19732 Internal Server Error: /search/suggestions/
Traceback (most recent call last):
  File "C:\Users\ADMIN\OneDrive\Desktop\e-comerce\reeves_boutique_django\.venv\Lib\site-packages\django\core\handlers\exception.py", line 55, in inner
    response = get_response(request)
  File "C:\Users\ADMIN\OneDrive\Desktop\e-comerce\reeves_boutique_django\.venv\Lib\site-packages\django\core\handlers\base.py", line 197, in _get_response
    response = wrapped_callback(request, *callback_args, **callback_kwargs)
  File "C:\Users\ADMIN\OneDrive\Desktop\e-comerce\reeves_boutique_django\store\views.py", line 151, in search_suggestions
    .order_by('-is_bestseller', '-sales', '-created_at')[:6])
     ~~~~~~~~^^^^^^^^^^^^^^^^^^^^^^^^^^^^^^^^^^^^^^^^^^^
  File "C:\Users\ADMIN\OneDrive\Desktop\e-comerce\reeves_boutique_django\.venv\Lib\site-packages\django\db\models\query.py", line 1727, in order_by
    obj.query.add_ordering(*field_names)
    ~~~~~~~~~~~~~~~~~~~~~~^^^^^^^^^^^^^^
  File "C:\Users\ADMIN\OneDrive\Desktop\e-comerce\reeves_boutique_django\.venv\Lib\site-packages\django\db\models\sql\query.py", line 2312, in add_ordering
    self.names_to_path(item.split(LOOKUP_SEP), self.model._meta)
    ~~~~~~~~~~~~~~~~~~^^^^^^^^^^^^^^^^^^^^^^^^^^^^^^^^^^^^^^^^^^
  File "C:\Users\ADMIN\OneDrive\Desktop\e-comerce\reeves_boutique_django\.venv\Lib\site-packages\django\db\models\sql\query.py", line 1813, in names_to_path
    raise FieldError(
    ...<2 lines>...
    )
django.core.exceptions.FieldError: Cannot resolve keyword 'sales' into field. Choices are: active, brand, category, category_id, created_at, description, desired_stock_level, featured, hidden, id, image, image_url, images, inventory_alerts, inventory_changes, is_archived, is_bestseller, is_new, low_stock_threshold, name, old_price, order_items, price, rating, reviews, reviews_count, sale_price, short_description, sku, slug, stock, updated_at, wishlisted_by
ERROR 2026-08-11 21:21:26,106 log 9128 19732 Internal Server Error: /search/suggestions/
Traceback (most recent call last):
  File "C:\Users\ADMIN\OneDrive\Desktop\e-comerce\reeves_boutique_django\.venv\Lib\site-packages\django\core\handlers\exception.py", line 55, in inner
    response = get_response(request)
  File "C:\Users\ADMIN\OneDrive\Desktop\e-comerce\reeves_boutique_django\.venv\Lib\site-packages\django\core\handlers\base.py", line 197, in _get_response
    response = wrapped_callback(request, *callback_args, **callback_kwargs)
  File "C:\Users\ADMIN\OneDrive\Desktop\e-comerce\reeves_boutique_django\store\views.py", line 151, in search_suggestions
    .order_by('-is_bestseller', '-sales', '-created_at')[:6])
     ~~~~~~~~^^^^^^^^^^^^^^^^^^^^^^^^^^^^^^^^^^^^^^^^^^^
  File "C:\Users\ADMIN\OneDrive\Desktop\e-comerce\reeves_boutique_django\.venv\Lib\site-packages\django\db\models\query.py", line 1727, in order_by
    obj.query.add_ordering(*field_names)
    ~~~~~~~~~~~~~~~~~~~~~~^^^^^^^^^^^^^^
  File "C:\Users\ADMIN\OneDrive\Desktop\e-comerce\reeves_boutique_django\.venv\Lib\site-packages\django\db\models\sql\query.py", line 2312, in add_ordering
    self.names_to_path(item.split(LOOKUP_SEP), self.model._meta)
    ~~~~~~~~~~~~~~~~~~^^^^^^^^^^^^^^^^^^^^^^^^^^^^^^^^^^^^^^^^^^
  File "C:\Users\ADMIN\OneDrive\Desktop\e-comerce\reeves_boutique_django\.venv\Lib\site-packages\django\db\models\sql\query.py", line 1813, in names_to_path
    raise FieldError(
    ...<2 lines>...
    )
django.core.exceptions.FieldError: Cannot resolve keyword 'sales' into field. Choices are: active, brand, category, category_id, created_at, description, desired_stock_level, featured, hidden, id, image, image_url, images, inventory_alerts, inventory_changes, is_archived, is_bestseller, is_new, low_stock_threshold, name, old_price, order_items, price, rating, reviews, reviews_count, sale_price, short_description, sku, slug, stock, updated_at, wishlisted_by
INFO 2026-08-11 21:22:16,648 services 17372 9776 Restored 6 units of stock for cancelled/refunded order RB-260811-C3B0B2
ERROR 2026-08-11 21:23:09,823 manage_views 17372 9776 SMTP test failed for who@example.com: connection refused
INFO 2026-08-11 21:23:14,952 manage_views 17372 9776 SMTP test email sent to who@example.com via smtp.gmail.com
INFO 2026-08-11 21:23:21,425 emails 17372 9776 Email sent to jane@example.com: Password reset for Reeves Boutique
INFO 2026-08-11 21:23:29,296 emails 17372 9776 Email not sent (Password reset for Reeves Boutique) because SMTP is disabled in settings.
INFO 2026-08-11 21:23:30,914 emails 17372 9776 Email sent to jane@example.com: Password reset for Reeves Boutique
INFO 2026-08-11 21:23:38,672 emails 17372 9776 Email sent to jane@example.com: Password reset for Reeves Boutique
INFO 2026-08-11 21:23:38,799 services 17372 9776 Restored 2 units of stock for cancelled/refunded order RB-260811-AED640
ERROR 2026-08-11 21:23:38,953 views 17372 9776 Error handling M-Pesa callback
Traceback (most recent call last):
  File "C:\Users\ADMIN\OneDrive\Desktop\e-comerce\reeves_boutique_django\store\views.py", line 600, in mpesa_callback
    data = json.loads(request.body)
  File "C:\Users\ADMIN\AppData\Local\Programs\Python\Python314\Lib\json\__init__.py", line 352, in loads
    return _default_decoder.decode(s)
           ~~~~~~~~~~~~~~~~~~~~~~~^^^
  File "C:\Users\ADMIN\AppData\Local\Programs\Python\Python314\Lib\json\decoder.py", line 345, in decode
    obj, end = self.raw_decode(s, idx=_w(s, 0).end())
               ~~~~~~~~~~~~~~~^^^^^^^^^^^^^^^^^^^^^^^
  File "C:\Users\ADMIN\AppData\Local\Programs\Python\Python314\Lib\json\decoder.py", line 363, in raw_decode
    raise JSONDecodeError("Expecting value", s, err.value) from None
json.decoder.JSONDecodeError: Expecting value: line 1 column 1 (char 0)
INFO 2026-08-11 21:23:39,103 views 17372 9776 M-Pesa payment failed for req-1: processed
INFO 2026-08-11 21:23:39,113 services 17372 9776 Restored 2 units of stock for cancelled/refunded order RB-260811-511F5A
INFO 2026-08-11 21:23:39,121 emails 17372 9776 Email not sent (Payment failed for order RB-260811-511F5A) because SMTP is disabled in settings.
INFO 2026-08-11 21:23:39,283 views 17372 9776 M-Pesa payment confirmed for req-paid receipt PJXPAID1 amount 2150.00
INFO 2026-08-11 21:23:39,286 emails 17372 9776 Email not sent (Payment confirmed for order RB-260811-9C7A04) because SMTP is disabled in settings.
INFO 2026-08-11 21:23:39,400 views 17372 9776 M-Pesa payment confirmed for req-1 receipt PJX123ABC amount 2150.00
INFO 2026-08-11 21:23:39,406 emails 17372 9776 Email not sent (Payment confirmed for order RB-260811-8ACB0F) because SMTP is disabled in settings.
WARNING 2026-08-11 21:23:39,495 views 17372 9776 M-Pesa callback for unknown CheckoutRequestID nope
INFO 2026-08-11 21:23:41,560 manage_views 17372 9776 Payment 1 approved manually for order RB-260811-16C1F7 by admin
INFO 2026-08-11 21:23:41,562 emails 17372 9776 Email not sent (Payment confirmed for order RB-260811-16C1F7) because SMTP is disabled in settings.
INFO 2026-08-11 21:23:44,075 services 17372 9776 Restored 2 units of stock for cancelled/refunded order RB-260811-3697BD
INFO 2026-08-11 21:23:44,077 manage_views 17372 9776 Payment 1 rejected for order RB-260811-3697BD by admin
INFO 2026-08-11 21:23:44,079 emails 17372 9776 Email not sent (Payment failed for order RB-260811-3697BD) because SMTP is disabled in settings.
INFO 2026-08-11 21:24:06,602 services 17372 9776 Restored 2 units of stock for cancelled/refunded order RB-260811-8E0BA1
INFO 2026-08-11 21:24:06,738 mpesa 17372 9776 STK push sent for order RB-260811-AB8E3A (254712345678) checkout id ws_CO_123
INFO 2026-08-11 21:24:17,827 services 17372 9776 Restored 2 units of stock for cancelled/refunded order RB-260811-431F8B
INFO 2026-08-11 21:24:24,369 views 17372 9776 User logged in: jane
INFO 2026-08-11 21:24:27,010 emails 17372 9776 Email not sent (Welcome to Reeves Boutique) because SMTP is disabled in settings.
INFO 2026-08-11 21:24:30,447 emails 17372 9776 Email not sent (Order RB-260811-B72B96 received at Reeves Boutique) because SMTP is disabled in settings.
INFO 2026-08-11 21:24:31,147 emails 17372 9776 Email not sent (Order RB-260811-541D1B received at Reeves Boutique) because SMTP is disabled in settings.
INFO 2026-08-11 21:24:51,520 services 17372 9776 Restored 2 units of stock for cancelled/refunded order RB-260811-F26F93
INFO 2026-08-11 21:24:51,523 manage_views 17372 9776 Order RB-260811-F26F93 status changed to cancelled by admin
WARNING 2026-08-11 21:24:55,140 views 17372 9776 M-Pesa callback amount mismatch for order RB-260811-8190B7: got 1 expected 2150.00
INFO 2026-08-11 21:24:55,274 views 17372 9776 M-Pesa payment confirmed for req-1 receipt PJX123ABC amount 2150.00
INFO 2026-08-11 21:24:55,280 views 17372 9776 M-Pesa callback already processed for req-1 (status completed)
INFO 2026-08-11 21:24:55,414 views 17372 9776 M-Pesa payment failed for req-1: The service request is processed successfully.
INFO 2026-08-11 21:24:55,560 views 17372 9776 M-Pesa payment failed for req-1: The service request is processed successfully.
INFO 2026-08-11 21:24:55,707 views 17372 9776 M-Pesa payment confirmed for req-1 receipt PJX123ABC amount 2150.00
INFO 2026-08-11 21:24:55,960 views 17372 9776 M-Pesa payment confirmed for req-1 receipt PJX123ABC amount 2150.00
INFO 2026-08-11 21:25:37,540 services 17372 9776 Inventory alert raised for Elegant Gown (low) by admin2
INFO 2026-08-11 21:25:44,264 emails 17372 9776 Email not sent (We received your message) because SMTP is disabled in settings.
INFO 2026-08-11 21:37:31,486 services 7656 15220 Restored 6 units of stock for cancelled/refunded order RB-260811-F7819F
ERROR 2026-08-11 21:38:38,524 manage_views 7656 15220 SMTP test failed for who@example.com: connection refused
INFO 2026-08-11 21:38:45,458 manage_views 7656 15220 SMTP test email sent to who@example.com via smtp.gmail.com
INFO 2026-08-11 21:38:51,839 emails 7656 15220 Email sent to jane@example.com: Password reset for Reeves Boutique
INFO 2026-08-11 21:38:58,850 emails 7656 15220 Email not sent (Password reset for Reeves Boutique) because SMTP is disabled in settings.
INFO 2026-08-11 21:39:00,158 emails 7656 15220 Email sent to jane@example.com: Password reset for Reeves Boutique
INFO 2026-08-11 21:39:08,445 emails 7656 15220 Email sent to jane@example.com: Password reset for Reeves Boutique
INFO 2026-08-11 21:39:08,608 services 7656 15220 Restored 2 units of stock for cancelled/refunded order RB-260811-A5DB71
ERROR 2026-08-11 21:39:08,854 views 7656 15220 Error handling M-Pesa callback
Traceback (most recent call last):
  File "C:\Users\ADMIN\OneDrive\Desktop\e-comerce\reeves_boutique_django\store\views.py", line 600, in mpesa_callback
    data = json.loads(request.body)
  File "C:\Users\ADMIN\AppData\Local\Programs\Python\Python314\Lib\json\__init__.py", line 352, in loads
    return _default_decoder.decode(s)
           ~~~~~~~~~~~~~~~~~~~~~~~^^^
  File "C:\Users\ADMIN\AppData\Local\Programs\Python\Python314\Lib\json\decoder.py", line 345, in decode
    obj, end = self.raw_decode(s, idx=_w(s, 0).end())
               ~~~~~~~~~~~~~~~^^^^^^^^^^^^^^^^^^^^^^^
  File "C:\Users\ADMIN\AppData\Local\Programs\Python\Python314\Lib\json\decoder.py", line 363, in raw_decode
    raise JSONDecodeError("Expecting value", s, err.value) from None
json.decoder.JSONDecodeError: Expecting value: line 1 column 1 (char 0)
INFO 2026-08-11 21:39:09,033 views 7656 15220 M-Pesa payment failed for req-1: processed
INFO 2026-08-11 21:39:09,051 services 7656 15220 Restored 2 units of stock for cancelled/refunded order RB-260811-A071C6
INFO 2026-08-11 21:39:09,065 emails 7656 15220 Email not sent (Payment failed for order RB-260811-A071C6) because SMTP is disabled in settings.
INFO 2026-08-11 21:39:09,301 views 7656 15220 M-Pesa payment confirmed for req-paid receipt PJXPAID1 amount 2150.00
INFO 2026-08-11 21:39:09,305 emails 7656 15220 Email not sent (Payment confirmed for order RB-260811-8CB9AC) because SMTP is disabled in settings.
INFO 2026-08-11 21:39:09,494 views 7656 15220 M-Pesa payment confirmed for req-1 receipt PJX123ABC amount 2150.00
INFO 2026-08-11 21:39:09,499 emails 7656 15220 Email not sent (Payment confirmed for order RB-260811-BDD161) because SMTP is disabled in settings.
WARNING 2026-08-11 21:39:09,640 views 7656 15220 M-Pesa callback for unknown CheckoutRequestID nope
INFO 2026-08-11 21:39:12,716 manage_views 7656 15220 Payment 1 approved manually for order RB-260811-47F07F by admin
INFO 2026-08-11 21:39:12,722 emails 7656 15220 Email not sent (Payment confirmed for order RB-260811-47F07F) because SMTP is disabled in settings.
INFO 2026-08-11 21:39:15,601 services 7656 15220 Restored 2 units of stock for cancelled/refunded order RB-260811-F4A189
INFO 2026-08-11 21:39:15,604 manage_views 7656 15220 Payment 1 rejected for order RB-260811-F4A189 by admin
INFO 2026-08-11 21:39:15,606 emails 7656 15220 Email not sent (Payment failed for order RB-260811-F4A189) because SMTP is disabled in settings.
INFO 2026-08-11 21:39:39,390 services 7656 15220 Restored 2 units of stock for cancelled/refunded order RB-260811-850B65
INFO 2026-08-11 21:39:39,587 mpesa 7656 15220 STK push sent for order RB-260811-4338F3 (254712345678) checkout id ws_CO_123
INFO 2026-08-11 21:39:51,846 services 7656 15220 Restored 2 units of stock for cancelled/refunded order RB-260811-ED2159
INFO 2026-08-11 21:40:02,860 views 7656 15220 User logged in: jane
INFO 2026-08-11 21:40:04,678 emails 7656 15220 Email not sent (Welcome to Reeves Boutique) because SMTP is disabled in settings.
INFO 2026-08-11 21:40:09,039 emails 7656 15220 Email not sent (Order RB-260811-779CB1 received at Reeves Boutique) because SMTP is disabled in settings.
INFO 2026-08-11 21:40:09,893 emails 7656 15220 Email not sent (Order RB-260811-8DF6EC received at Reeves Boutique) because SMTP is disabled in settings.
INFO 2026-08-11 21:40:34,758 services 7656 15220 Restored 2 units of stock for cancelled/refunded order RB-260811-54D8B8
INFO 2026-08-11 21:40:34,768 manage_views 7656 15220 Order RB-260811-54D8B8 status changed to cancelled by admin
WARNING 2026-08-11 21:40:38,818 views 7656 15220 M-Pesa callback amount mismatch for order RB-260811-396ABB: got 1 expected 2150.00
INFO 2026-08-11 21:40:38,962 views 7656 15220 M-Pesa payment confirmed for req-1 receipt PJX123ABC amount 2150.00
INFO 2026-08-11 21:40:38,972 views 7656 15220 M-Pesa callback already processed for req-1 (status completed)
INFO 2026-08-11 21:40:39,135 views 7656 15220 M-Pesa payment failed for req-1: The service request is processed successfully.
INFO 2026-08-11 21:40:39,348 views 7656 15220 M-Pesa payment failed for req-1: The service request is processed successfully.
INFO 2026-08-11 21:40:39,514 views 7656 15220 M-Pesa payment confirmed for req-1 receipt PJX123ABC amount 2150.00
INFO 2026-08-11 21:40:39,687 views 7656 15220 M-Pesa payment confirmed for req-1 receipt PJX123ABC amount 2150.00
INFO 2026-08-11 21:41:27,365 services 7656 15220 Inventory alert raised for Elegant Gown (low) by admin2
INFO 2026-08-11 21:41:34,021 emails 7656 15220 Email not sent (We received your message) because SMTP is disabled in settings.
INFO 2026-08-11 21:50:05,463 services 17464 11108 Restored 6 units of stock for cancelled/refunded order RB-260811-1EAED6
ERROR 2026-08-11 21:51:28,471 manage_views 17464 11108 SMTP test failed for who@example.com: connection refused
INFO 2026-08-11 21:51:39,870 manage_views 17464 11108 SMTP test email sent to who@example.com via smtp.gmail.com
INFO 2026-08-11 21:51:54,005 emails 17464 11108 Email sent to jane@example.com: Password reset for Reeves Boutique
INFO 2026-08-11 21:52:09,542 emails 17464 11108 Email not sent (Password reset for Reeves Boutique) because SMTP is disabled in settings.
INFO 2026-08-11 21:52:12,565 emails 17464 11108 Email sent to jane@example.com: Password reset for Reeves Boutique
INFO 2026-08-11 21:52:30,325 emails 17464 11108 Email sent to jane@example.com: Password reset for Reeves Boutique
INFO 2026-08-11 21:52:30,610 services 17464 11108 Restored 2 units of stock for cancelled/refunded order RB-260811-95815D
ERROR 2026-08-11 21:52:30,979 views 17464 11108 Error handling M-Pesa callback
Traceback (most recent call last):
  File "C:\Users\ADMIN\OneDrive\Desktop\e-comerce\reeves_boutique_django\store\views.py", line 601, in mpesa_callback
    data = json.loads(request.body)
  File "C:\Users\ADMIN\AppData\Local\Programs\Python\Python314\Lib\json\__init__.py", line 352, in loads
    return _default_decoder.decode(s)
           ~~~~~~~~~~~~~~~~~~~~~~~^^^
  File "C:\Users\ADMIN\AppData\Local\Programs\Python\Python314\Lib\json\decoder.py", line 345, in decode
    obj, end = self.raw_decode(s, idx=_w(s, 0).end())
               ~~~~~~~~~~~~~~~^^^^^^^^^^^^^^^^^^^^^^^
  File "C:\Users\ADMIN\AppData\Local\Programs\Python\Python314\Lib\json\decoder.py", line 363, in raw_decode
    raise JSONDecodeError("Expecting value", s, err.value) from None
json.decoder.JSONDecodeError: Expecting value: line 1 column 1 (char 0)
INFO 2026-08-11 21:52:31,291 views 17464 11108 M-Pesa payment failed for req-1: processed
INFO 2026-08-11 21:52:31,313 services 17464 11108 Restored 2 units of stock for cancelled/refunded order RB-260811-FC718E
INFO 2026-08-11 21:52:31,324 emails 17464 11108 Email not sent (Payment failed for order RB-260811-FC718E) because SMTP is disabled in settings.
INFO 2026-08-11 21:52:31,850 views 17464 11108 M-Pesa payment confirmed for req-paid receipt PJXPAID1 amount 2150.00
INFO 2026-08-11 21:52:31,856 emails 17464 11108 Email not sent (Payment confirmed for order RB-260811-0577F8) because SMTP is disabled in settings.
INFO 2026-08-11 21:52:32,198 views 17464 11108 M-Pesa payment confirmed for req-1 receipt PJX123ABC amount 2150.00
INFO 2026-08-11 21:52:32,202 emails 17464 11108 Email not sent (Payment confirmed for order RB-260811-40A4FC) because SMTP is disabled in settings.
WARNING 2026-08-11 21:52:32,522 views 17464 11108 M-Pesa callback for unknown CheckoutRequestID nope
INFO 2026-08-11 21:52:38,996 manage_views 17464 11108 Payment 1 approved manually for order RB-260811-4C907A by admin
INFO 2026-08-11 21:52:39,000 emails 17464 11108 Email not sent (Payment confirmed for order RB-260811-4C907A) because SMTP is disabled in settings.
INFO 2026-08-11 21:52:44,992 services 17464 11108 Restored 2 units of stock for cancelled/refunded order RB-260811-C307EF
INFO 2026-08-11 21:52:45,009 manage_views 17464 11108 Payment 1 rejected for order RB-260811-C307EF by admin
INFO 2026-08-11 21:52:45,020 emails 17464 11108 Email not sent (Payment failed for order RB-260811-C307EF) because SMTP is disabled in settings.
INFO 2026-08-11 21:53:33,756 services 17464 11108 Restored 2 units of stock for cancelled/refunded order RB-260811-57258B
INFO 2026-08-11 21:53:33,902 mpesa 17464 11108 STK push sent for order RB-260811-1468F7 (254712345678) checkout id ws_CO_123
INFO 2026-08-11 21:54:17,328 services 17464 11108 Restored 2 units of stock for cancelled/refunded order RB-260811-D1C388
INFO 2026-08-11 21:54:33,061 views 17464 11108 User logged in: jane
INFO 2026-08-11 21:54:35,930 emails 17464 11108 Email not sent (Welcome to Reeves Boutique) because SMTP is disabled in settings.
INFO 2026-08-11 21:54:43,008 emails 17464 11108 Email not sent (Order RB-260811-2BB7BC received at Reeves Boutique) because SMTP is disabled in settings.
INFO 2026-08-11 21:54:44,121 emails 17464 11108 Email not sent (Order RB-260811-A920E3 received at Reeves Boutique) because SMTP is disabled in settings.
INFO 2026-08-11 21:55:22,877 services 17464 11108 Restored 2 units of stock for cancelled/refunded order RB-260811-B98F47
INFO 2026-08-11 21:55:22,880 manage_views 17464 11108 Order RB-260811-B98F47 status changed to cancelled by admin
WARNING 2026-08-11 21:55:28,456 views 17464 11108 M-Pesa callback amount mismatch for order RB-260811-9C6C35: got 1 expected 2150.00
INFO 2026-08-11 21:55:28,715 views 17464 11108 M-Pesa payment confirmed for req-1 receipt PJX123ABC amount 2150.00
INFO 2026-08-11 21:55:28,729 views 17464 11108 M-Pesa callback already processed for req-1 (status completed)
INFO 2026-08-11 21:55:29,049 views 17464 11108 M-Pesa payment failed for req-1: The service request is processed successfully.
INFO 2026-08-11 21:55:29,335 views 17464 11108 M-Pesa payment failed for req-1: The service request is processed successfully.
INFO 2026-08-11 21:55:29,631 views 17464 11108 M-Pesa payment confirmed for req-1 receipt PJX123ABC amount 2150.00
INFO 2026-08-11 21:55:29,907 views 17464 11108 M-Pesa payment confirmed for req-1 receipt PJX123ABC amount 2150.00
INFO 2026-08-11 21:56:45,259 services 17464 11108 Inventory alert raised for Elegant Gown (low) by admin2
INFO 2026-08-11 21:56:57,629 emails 17464 11108 Email not sent (We received your message) because SMTP is disabled in settings.
INFO 2026-08-11 22:12:45,079 services 8480 8768 Restored 6 units of stock for cancelled/refunded order RB-260811-A224E8
ERROR 2026-08-11 22:14:14,892 manage_views 8480 8768 SMTP test failed for who@example.com: connection refused
INFO 2026-08-11 22:14:26,605 manage_views 8480 8768 SMTP test email sent to who@example.com via smtp.gmail.com
INFO 2026-08-11 22:14:39,907 emails 8480 8768 Email sent to jane@example.com: Password reset for Reeves Boutique
INFO 2026-08-11 22:14:56,390 emails 8480 8768 Email not sent (Password reset for Reeves Boutique) because SMTP is disabled in settings.
INFO 2026-08-11 22:14:59,076 emails 8480 8768 Email sent to jane@example.com: Password reset for Reeves Boutique
INFO 2026-08-11 22:15:14,997 emails 8480 8768 Email sent to jane@example.com: Password reset for Reeves Boutique
INFO 2026-08-11 22:15:15,348 services 8480 8768 Restored 2 units of stock for cancelled/refunded order RB-260811-D9F473
ERROR 2026-08-11 22:15:15,677 views 8480 8768 Error handling M-Pesa callback
Traceback (most recent call last):
  File "C:\Users\ADMIN\OneDrive\Desktop\e-comerce\reeves_boutique_django\store\views.py", line 601, in mpesa_callback
    data = json.loads(request.body)
  File "C:\Users\ADMIN\AppData\Local\Programs\Python\Python314\Lib\json\__init__.py", line 352, in loads
    return _default_decoder.decode(s)
           ~~~~~~~~~~~~~~~~~~~~~~~^^^
  File "C:\Users\ADMIN\AppData\Local\Programs\Python\Python314\Lib\json\decoder.py", line 345, in decode
    obj, end = self.raw_decode(s, idx=_w(s, 0).end())
               ~~~~~~~~~~~~~~~^^^^^^^^^^^^^^^^^^^^^^^
  File "C:\Users\ADMIN\AppData\Local\Programs\Python\Python314\Lib\json\decoder.py", line 363, in raw_decode
    raise JSONDecodeError("Expecting value", s, err.value) from None
json.decoder.JSONDecodeError: Expecting value: line 1 column 1 (char 0)
INFO 2026-08-11 22:15:15,928 views 8480 8768 M-Pesa payment failed for req-1: processed
INFO 2026-08-11 22:15:15,963 services 8480 8768 Restored 2 units of stock for cancelled/refunded order RB-260811-89B5DE
INFO 2026-08-11 22:15:15,976 emails 8480 8768 Email not sent (Payment failed for order RB-260811-89B5DE) because SMTP is disabled in settings.
INFO 2026-08-11 22:15:16,420 views 8480 8768 M-Pesa payment confirmed for req-paid receipt PJXPAID1 amount 2150.00
INFO 2026-08-11 22:15:16,439 emails 8480 8768 Email not sent (Payment confirmed for order RB-260811-103842) because SMTP is disabled in settings.
INFO 2026-08-11 22:15:16,759 views 8480 8768 M-Pesa payment confirmed for req-1 receipt PJX123ABC amount 2150.00
INFO 2026-08-11 22:15:16,766 emails 8480 8768 Email not sent (Payment confirmed for order RB-260811-12B290) because SMTP is disabled in settings.
WARNING 2026-08-11 22:15:17,099 views 8480 8768 M-Pesa callback for unknown CheckoutRequestID nope
INFO 2026-08-11 22:15:20,611 manage_views 8480 8768 Payment 1 approved manually for order RB-260811-49D422 by admin
INFO 2026-08-11 22:15:20,614 emails 8480 8768 Email not sent (Payment confirmed for order RB-260811-49D422) because SMTP is disabled in settings.
INFO 2026-08-11 22:15:23,217 services 8480 8768 Restored 2 units of stock for cancelled/refunded order RB-260811-C5EAD2
INFO 2026-08-11 22:15:23,219 manage_views 8480 8768 Payment 1 rejected for order RB-260811-C5EAD2 by admin
INFO 2026-08-11 22:15:23,221 emails 8480 8768 Email not sent (Payment failed for order RB-260811-C5EAD2) because SMTP is disabled in settings.
INFO 2026-08-11 22:15:45,956 services 8480 8768 Restored 2 units of stock for cancelled/refunded order RB-260811-2539C6
INFO 2026-08-11 22:15:46,070 mpesa 8480 8768 STK push sent for order RB-260811-3FA8F4 (254712345678) checkout id ws_CO_123
INFO 2026-08-11 22:16:13,222 services 8480 8768 Restored 2 units of stock for cancelled/refunded order RB-260811-170C0F
INFO 2026-08-11 22:17:02,906 views 8480 8768 User logged in: jane
INFO 2026-08-11 22:17:04,918 emails 8480 8768 Email not sent (Welcome to Reeves Boutique) because SMTP is disabled in settings.
INFO 2026-08-11 22:17:09,996 emails 8480 8768 Email not sent (Order RB-260811-00DA52 received at Reeves Boutique) because SMTP is disabled in settings.
INFO 2026-08-11 22:17:10,957 emails 8480 8768 Email not sent (Order RB-260811-B292AF received at Reeves Boutique) because SMTP is disabled in settings.
INFO 2026-08-11 22:17:41,118 services 8480 8768 Restored 2 units of stock for cancelled/refunded order RB-260811-7D6D58
INFO 2026-08-11 22:17:41,125 manage_views 8480 8768 Order RB-260811-7D6D58 status changed to cancelled by admin
WARNING 2026-08-11 22:17:45,932 views 8480 8768 M-Pesa callback amount mismatch for order RB-260811-9EC1FA: got 1 expected 2150.00
INFO 2026-08-11 22:17:46,200 views 8480 8768 M-Pesa payment confirmed for req-1 receipt PJX123ABC amount 2150.00
INFO 2026-08-11 22:17:46,234 views 8480 8768 M-Pesa callback already processed for req-1 (status completed)
INFO 2026-08-11 22:17:46,533 views 8480 8768 M-Pesa payment failed for req-1: The service request is processed successfully.
INFO 2026-08-11 22:17:46,775 views 8480 8768 M-Pesa payment failed for req-1: The service request is processed successfully.
INFO 2026-08-11 22:17:47,064 views 8480 8768 M-Pesa payment confirmed for req-1 receipt PJX123ABC amount 2150.00
INFO 2026-08-11 22:17:47,384 views 8480 8768 M-Pesa payment confirmed for req-1 receipt PJX123ABC amount 2150.00
INFO 2026-08-11 22:18:54,190 services 8480 8768 Inventory alert raised for Elegant Gown (low) by admin2
INFO 2026-08-11 22:19:05,119 emails 8480 8768 Email not sent (We received your message) because SMTP is disabled in settings.
INFO 2026-08-11 22:40:36,136 manage_views 3288 17896 Payment 1 approved manually for order RB-260811-E75DBA by admin
INFO 2026-08-11 22:40:46,929 manage_views 3288 17896 Payment 1 rejected for order RB-260811-17C978 by admin
INFO 2026-08-11 22:40:54,909 manage_views 3288 17896 Order RB-260811-D08E2C status changed to shipped by admin
INFO 2026-08-11 22:45:24,025 manage_views 5992 20996 Payment 1 approved manually for order RB-260811-FD7028 by admin
INFO 2026-08-11 22:45:33,024 manage_views 5992 20996 Payment 1 rejected for order RB-260811-2C76F0 by admin
INFO 2026-08-11 22:45:40,596 manage_views 5992 20996 Order RB-260811-231052 status changed to shipped by admin
WARNING 2026-08-11 22:46:56,056 views 5992 20996 M-Pesa callback amount mismatch for order RB-260811-56C67D: got 1 expected 2150.00
INFO 2026-08-11 22:47:01,032 views 5992 20996 M-Pesa payment failed for req-1: The service request is processed successfully.
INFO 2026-08-11 22:47:07,335 views 5992 20996 M-Pesa payment failed for req-1: The service request is processed successfully.
INFO 2026-08-11 22:47:13,585 views 5992 20996 M-Pesa payment confirmed for req-1 receipt PJX123ABC amount 2150.00
INFO 2026-08-11 22:49:37,158 manage_views 8228 18252 Payment 1 approved manually for order RB-260811-4CB8A6 by admin
INFO 2026-08-11 22:49:45,368 manage_views 8228 18252 Payment 1 rejected for order RB-260811-245363 by admin
INFO 2026-08-11 22:49:54,571 manage_views 8228 18252 Order RB-260811-F8BAA2 status changed to shipped by admin
WARNING 2026-08-11 22:50:59,611 views 8228 18252 M-Pesa callback amount mismatch for order RB-260811-8490AE: got 1 expected 2150.00
INFO 2026-08-11 22:51:03,243 views 8228 18252 M-Pesa payment failed for req-1: The service request is processed successfully.
INFO 2026-08-11 22:51:07,429 views 8228 18252 M-Pesa payment failed for req-1: The service request is processed successfully.
INFO 2026-08-11 22:51:12,834 views 8228 18252 M-Pesa payment confirmed for req-1 receipt PJX123ABC amount 2150.00
INFO 2026-08-11 22:51:30,585 services 14720 2856 Restored 6 units of stock for cancelled/refunded order RB-260811-23438C
INFO 2026-08-11 22:52:20,699 manage_views 14720 2856 Payment 1 approved manually for order RB-260811-41E8E8 by admin
INFO 2026-08-11 22:52:28,325 manage_views 14720 2856 Payment 1 rejected for order RB-260811-F4D4B9 by admin
INFO 2026-08-11 22:52:44,903 manage_views 14720 2856 Order RB-260811-9A780B status changed to shipped by admin
WARNING 2026-08-11 22:53:53,691 views 14720 2856 M-Pesa callback amount mismatch for order RB-260811-EEDBA7: got 1 expected 2150.00
INFO 2026-08-11 22:53:57,122 views 14720 2856 M-Pesa payment failed for req-1: The service request is processed successfully.
INFO 2026-08-11 22:54:00,843 views 14720 2856 M-Pesa payment failed for req-1: The service request is processed successfully.
INFO 2026-08-11 22:54:07,253 views 14720 2856 M-Pesa payment confirmed for req-1 receipt PJX123ABC amount 2150.00
ERROR 2026-08-11 22:54:52,882 manage_views 14720 2856 SMTP test failed for who@example.com: connection refused
INFO 2026-08-11 22:55:13,086 manage_views 14720 2856 SMTP test email sent to who@example.com via smtp.gmail.com
INFO 2026-08-11 22:55:31,456 emails 14720 2856 Email sent to jane@example.com: Password reset for Reeves Boutique
INFO 2026-08-11 22:55:49,449 emails 14720 2856 Email not sent (Password reset for Reeves Boutique) because SMTP is disabled in settings.
INFO 2026-08-11 22:55:53,356 emails 14720 2856 Email sent to jane@example.com: Password reset for Reeves Boutique
INFO 2026-08-11 22:56:30,547 emails 14720 2856 Email sent to jane@example.com: Password reset for Reeves Boutique
INFO 2026-08-11 22:56:31,023 services 14720 2856 Restored 2 units of stock for cancelled/refunded order RB-260811-A16EA8
ERROR 2026-08-11 22:56:31,599 views 14720 2856 Error handling M-Pesa callback
Traceback (most recent call last):
  File "C:\Users\ADMIN\OneDrive\Desktop\e-comerce\reeves_boutique_django\store\views.py", line 626, in mpesa_callback
    data = json.loads(request.body)
  File "C:\Users\ADMIN\AppData\Local\Programs\Python\Python314\Lib\json\__init__.py", line 352, in loads
    return _default_decoder.decode(s)
           ~~~~~~~~~~~~~~~~~~~~~~~^^^
  File "C:\Users\ADMIN\AppData\Local\Programs\Python\Python314\Lib\json\decoder.py", line 345, in decode
    obj, end = self.raw_decode(s, idx=_w(s, 0).end())
               ~~~~~~~~~~~~~~~^^^^^^^^^^^^^^^^^^^^^^^
  File "C:\Users\ADMIN\AppData\Local\Programs\Python\Python314\Lib\json\decoder.py", line 363, in raw_decode
    raise JSONDecodeError("Expecting value", s, err.value) from None
json.decoder.JSONDecodeError: Expecting value: line 1 column 1 (char 0)
INFO 2026-08-11 22:56:32,199 views 14720 2856 M-Pesa payment failed for req-1: processed
INFO 2026-08-11 22:56:32,258 services 14720 2856 Restored 2 units of stock for cancelled/refunded order RB-260811-10B35F
INFO 2026-08-11 22:56:32,277 emails 14720 2856 Email not sent (Payment failed for order RB-260811-10B35F) because SMTP is disabled in settings.
INFO 2026-08-11 22:56:32,962 views 14720 2856 M-Pesa payment confirmed for req-paid receipt PJXPAID1 amount 2150.00
INFO 2026-08-11 22:56:32,988 emails 14720 2856 Email not sent (Payment confirmed for order RB-260811-A26D13) because SMTP is disabled in settings.
INFO 2026-08-11 22:56:33,553 views 14720 2856 M-Pesa payment confirmed for req-1 receipt PJX123ABC amount 2150.00
INFO 2026-08-11 22:56:33,605 emails 14720 2856 Email not sent (Payment confirmed for order RB-260811-668D38) because SMTP is disabled in settings.
WARNING 2026-08-11 22:56:34,207 views 14720 2856 M-Pesa callback for unknown CheckoutRequestID nope
INFO 2026-08-11 22:56:40,884 manage_views 14720 2856 Payment 1 approved manually for order RB-260811-1D41A8 by admin
INFO 2026-08-11 22:56:40,917 emails 14720 2856 Email not sent (Payment confirmed for order RB-260811-1D41A8) because SMTP is disabled in settings.
INFO 2026-08-11 22:56:46,911 services 14720 2856 Restored 2 units of stock for cancelled/refunded order RB-260811-9351BF
INFO 2026-08-11 22:56:46,926 manage_views 14720 2856 Payment 1 rejected for order RB-260811-9351BF by admin
INFO 2026-08-11 22:56:46,943 emails 14720 2856 Email not sent (Payment failed for order RB-260811-9351BF) because SMTP is disabled in settings.
INFO 2026-08-11 22:57:36,263 services 14720 2856 Restored 2 units of stock for cancelled/refunded order RB-260811-BDC67E
INFO 2026-08-11 22:57:36,487 mpesa 14720 2856 STK push sent for order RB-260811-57FE41 (254712345678) checkout id ws_CO_123
INFO 2026-08-11 22:58:03,374 services 14720 2856 Restored 2 units of stock for cancelled/refunded order RB-260811-343C54
INFO 2026-08-11 22:58:42,324 views 14720 2856 User logged in: jane
INFO 2026-08-11 22:58:45,227 emails 14720 2856 Email not sent (Welcome to Reeves Boutique) because SMTP is disabled in settings.
INFO 2026-08-11 22:58:50,422 emails 14720 2856 Email not sent (Order RB-260811-9A04F4 received at Reeves Boutique) because SMTP is disabled in settings.
INFO 2026-08-11 22:58:51,697 emails 14720 2856 Email not sent (Order RB-260811-B00755 received at Reeves Boutique) because SMTP is disabled in settings.
INFO 2026-08-11 22:59:17,691 services 14720 2856 Restored 2 units of stock for cancelled/refunded order RB-260811-248A08
INFO 2026-08-11 22:59:17,694 manage_views 14720 2856 Order RB-260811-248A08 status changed to cancelled by admin
WARNING 2026-08-11 22:59:20,083 views 14720 2856 M-Pesa callback amount mismatch for order RB-260811-9FA6EA: got 1 expected 2150.00
INFO 2026-08-11 22:59:20,172 views 14720 2856 M-Pesa payment confirmed for req-1 receipt PJX123ABC amount 2150.00
INFO 2026-08-11 22:59:20,176 views 14720 2856 M-Pesa callback already processed for req-1 (status completed)
INFO 2026-08-11 22:59:20,253 views 14720 2856 M-Pesa payment failed for req-1: The service request is processed successfully.
INFO 2026-08-11 22:59:20,364 views 14720 2856 M-Pesa payment failed for req-1: The service request is processed successfully.
INFO 2026-08-11 22:59:20,504 views 14720 2856 M-Pesa payment confirmed for req-1 receipt PJX123ABC amount 2150.00
INFO 2026-08-11 22:59:20,592 views 14720 2856 M-Pesa payment confirmed for req-1 receipt PJX123ABC amount 2150.00
INFO 2026-08-11 23:00:12,416 services 14720 2856 Inventory alert raised for Elegant Gown (low) by admin2
INFO 2026-08-11 23:00:19,377 emails 14720 2856 Email not sent (We received your message) because SMTP is disabled in settings.
INFO 2026-08-11 23:12:08,063 services 9652 16100 Restored 6 units of stock for cancelled/refunded order RB-260811-BA3843
INFO 2026-08-11 23:12:51,333 manage_views 9652 16100 Payment 1 approved manually for order RB-260811-3D267B by admin
INFO 2026-08-11 23:13:00,234 manage_views 9652 16100 Payment 1 rejected for order RB-260811-2334D2 by admin
INFO 2026-08-11 23:13:08,137 manage_views 9652 16100 Order RB-260811-320D69 status changed to shipped by admin
WARNING 2026-08-11 23:14:02,810 views 9652 16100 M-Pesa callback amount mismatch for order RB-260811-29B00F: got 1 expected 2150.00
INFO 2026-08-11 23:14:06,652 views 9652 16100 M-Pesa payment failed for req-1: The service request is processed successfully.
INFO 2026-08-11 23:14:10,489 views 9652 16100 M-Pesa payment failed for req-1: The service request is processed successfully.
INFO 2026-08-11 23:14:14,305 views 9652 16100 M-Pesa payment confirmed for req-1 receipt PJX123ABC amount 2150.00
ERROR 2026-08-11 23:14:42,186 manage_views 9652 16100 SMTP test failed for who@example.com: connection refused
INFO 2026-08-11 23:14:49,657 manage_views 9652 16100 SMTP test email sent to who@example.com via smtp.gmail.com
INFO 2026-08-11 23:14:58,414 emails 9652 16100 Email sent to jane@example.com: Password reset for Reeves Boutique
INFO 2026-08-11 23:15:09,636 emails 9652 16100 Email not sent (Password reset for Reeves Boutique) because SMTP is disabled in settings.
INFO 2026-08-11 23:15:11,536 emails 9652 16100 Email sent to jane@example.com: Password reset for Reeves Boutique
INFO 2026-08-11 23:15:22,519 emails 9652 16100 Email sent to jane@example.com: Password reset for Reeves Boutique
INFO 2026-08-11 23:15:22,688 services 9652 16100 Restored 2 units of stock for cancelled/refunded order RB-260811-FBCD72
ERROR 2026-08-11 23:15:22,896 views 9652 16100 Error handling M-Pesa callback
Traceback (most recent call last):
  File "C:\Users\ADMIN\OneDrive\Desktop\e-comerce\reeves_boutique_django\store\views.py", line 626, in mpesa_callback
    data = json.loads(request.body)
  File "C:\Users\ADMIN\AppData\Local\Programs\Python\Python314\Lib\json\__init__.py", line 352, in loads
    return _default_decoder.decode(s)
           ~~~~~~~~~~~~~~~~~~~~~~~^^^
  File "C:\Users\ADMIN\AppData\Local\Programs\Python\Python314\Lib\json\decoder.py", line 345, in decode
    obj, end = self.raw_decode(s, idx=_w(s, 0).end())
               ~~~~~~~~~~~~~~~^^^^^^^^^^^^^^^^^^^^^^^
  File "C:\Users\ADMIN\AppData\Local\Programs\Python\Python314\Lib\json\decoder.py", line 363, in raw_decode
    raise JSONDecodeError("Expecting value", s, err.value) from None
json.decoder.JSONDecodeError: Expecting value: line 1 column 1 (char 0)
INFO 2026-08-11 23:15:23,065 views 9652 16100 M-Pesa payment failed for req-1: processed
INFO 2026-08-11 23:15:23,077 services 9652 16100 Restored 2 units of stock for cancelled/refunded order RB-260811-472490
INFO 2026-08-11 23:15:23,083 emails 9652 16100 Email not sent (Payment failed for order RB-260811-472490) because SMTP is disabled in settings.
INFO 2026-08-11 23:15:23,293 views 9652 16100 M-Pesa payment confirmed for req-paid receipt PJXPAID1 amount 2150.00
INFO 2026-08-11 23:15:23,304 emails 9652 16100 Email not sent (Payment confirmed for order RB-260811-D3612D) because SMTP is disabled in settings.
INFO 2026-08-11 23:15:23,481 views 9652 16100 M-Pesa payment confirmed for req-1 receipt PJX123ABC amount 2150.00
INFO 2026-08-11 23:15:23,492 emails 9652 16100 Email not sent (Payment confirmed for order RB-260811-635987) because SMTP is disabled in settings.
WARNING 2026-08-11 23:15:23,660 views 9652 16100 M-Pesa callback for unknown CheckoutRequestID nope
INFO 2026-08-11 23:15:27,331 manage_views 9652 16100 Payment 1 approved manually for order RB-260811-1BFE8D by admin
INFO 2026-08-11 23:15:27,344 emails 9652 16100 Email not sent (Payment confirmed for order RB-260811-1BFE8D) because SMTP is disabled in settings.
INFO 2026-08-11 23:15:30,979 services 9652 16100 Restored 2 units of stock for cancelled/refunded order RB-260811-CECD9E
INFO 2026-08-11 23:15:30,982 manage_views 9652 16100 Payment 1 rejected for order RB-260811-CECD9E by admin
INFO 2026-08-11 23:15:30,990 emails 9652 16100 Email not sent (Payment failed for order RB-260811-CECD9E) because SMTP is disabled in settings.
INFO 2026-08-11 23:16:00,928 services 9652 16100 Restored 2 units of stock for cancelled/refunded order RB-260811-A4A798
INFO 2026-08-11 23:16:01,006 mpesa 9652 16100 STK push sent for order RB-260811-BCC813 (254712345678) checkout id ws_CO_123
INFO 2026-08-11 23:16:23,891 services 9652 16100 Restored 2 units of stock for cancelled/refunded order RB-260811-1E6710
INFO 2026-08-11 23:16:49,889 views 9652 16100 User logged in: jane
INFO 2026-08-11 23:16:51,021 emails 9652 16100 Email not sent (Welcome to Reeves Boutique) because SMTP is disabled in settings.
INFO 2026-08-11 23:16:53,598 emails 9652 16100 Email not sent (Order RB-260811-809772 received at Reeves Boutique) because SMTP is disabled in settings.
INFO 2026-08-11 23:16:54,049 emails 9652 16100 Email not sent (Order RB-260811-289456 received at Reeves Boutique) because SMTP is disabled in settings.
INFO 2026-08-11 23:17:13,235 emails 8080 9156 Email not sent (We received your message) because SMTP is disabled in settings.
INFO 2026-08-11 23:17:27,474 services 16048 984 Restored 6 units of stock for cancelled/refunded order RB-260811-817C08
INFO 2026-08-11 23:17:55,286 manage_views 16048 984 Payment 1 approved manually for order RB-260811-C75638 by admin
INFO 2026-08-11 23:17:59,211 manage_views 16048 984 Payment 1 rejected for order RB-260811-70602E by admin
INFO 2026-08-11 23:18:03,462 manage_views 16048 984 Order RB-260811-A8DDB6 status changed to shipped by admin
WARNING 2026-08-11 23:18:33,628 views 16048 984 M-Pesa callback amount mismatch for order RB-260811-CDA3FB: got 1 expected 2150.00
INFO 2026-08-11 23:18:35,680 views 16048 984 M-Pesa payment failed for req-1: The service request is processed successfully.
INFO 2026-08-11 23:18:37,751 views 16048 984 M-Pesa payment failed for req-1: The service request is processed successfully.
INFO 2026-08-11 23:18:39,929 views 16048 984 M-Pesa payment confirmed for req-1 receipt PJX123ABC amount 2150.00
ERROR 2026-08-11 23:18:56,310 manage_views 16048 984 SMTP test failed for who@example.com: connection refused
INFO 2026-08-11 23:19:01,198 manage_views 16048 984 SMTP test email sent to who@example.com via smtp.gmail.com
INFO 2026-08-11 23:19:06,633 emails 16048 984 Email sent to jane@example.com: Password reset for Reeves Boutique
INFO 2026-08-11 23:19:13,184 emails 16048 984 Email not sent (Password reset for Reeves Boutique) because SMTP is disabled in settings.
INFO 2026-08-11 23:19:14,316 emails 16048 984 Email sent to jane@example.com: Password reset for Reeves Boutique
INFO 2026-08-11 23:19:21,254 emails 16048 984 Email sent to jane@example.com: Password reset for Reeves Boutique
INFO 2026-08-11 23:19:21,344 services 16048 984 Restored 2 units of stock for cancelled/refunded order RB-260811-29F8B2
ERROR 2026-08-11 23:19:21,458 views 16048 984 Error handling M-Pesa callback
Traceback (most recent call last):
  File "C:\Users\ADMIN\OneDrive\Desktop\e-comerce\reeves_boutique_django\store\views.py", line 626, in mpesa_callback
    data = json.loads(request.body)
  File "C:\Users\ADMIN\AppData\Local\Programs\Python\Python314\Lib\json\__init__.py", line 352, in loads
    return _default_decoder.decode(s)
           ~~~~~~~~~~~~~~~~~~~~~~~^^^
  File "C:\Users\ADMIN\AppData\Local\Programs\Python\Python314\Lib\json\decoder.py", line 345, in decode
    obj, end = self.raw_decode(s, idx=_w(s, 0).end())
               ~~~~~~~~~~~~~~~^^^^^^^^^^^^^^^^^^^^^^^
  File "C:\Users\ADMIN\AppData\Local\Programs\Python\Python314\Lib\json\decoder.py", line 363, in raw_decode
    raise JSONDecodeError("Expecting value", s, err.value) from None
json.decoder.JSONDecodeError: Expecting value: line 1 column 1 (char 0)
INFO 2026-08-11 23:19:21,545 views 16048 984 M-Pesa payment failed for req-1: processed
INFO 2026-08-11 23:19:21,562 services 16048 984 Restored 2 units of stock for cancelled/refunded order RB-260811-273428
INFO 2026-08-11 23:19:21,568 emails 16048 984 Email not sent (Payment failed for order RB-260811-273428) because SMTP is disabled in settings.
INFO 2026-08-11 23:19:21,698 views 16048 984 M-Pesa payment confirmed for req-paid receipt PJXPAID1 amount 2150.00
INFO 2026-08-11 23:19:21,703 emails 16048 984 Email not sent (Payment confirmed for order RB-260811-E46D7F) because SMTP is disabled in settings.
INFO 2026-08-11 23:19:21,810 views 16048 984 M-Pesa payment confirmed for req-1 receipt PJX123ABC amount 2150.00
INFO 2026-08-11 23:19:21,828 emails 16048 984 Email not sent (Payment confirmed for order RB-260811-7BB310) because SMTP is disabled in settings.
WARNING 2026-08-11 23:19:21,921 views 16048 984 M-Pesa callback for unknown CheckoutRequestID nope
INFO 2026-08-11 23:19:24,328 manage_views 16048 984 Payment 1 approved manually for order RB-260811-67722D by admin
INFO 2026-08-11 23:19:24,331 emails 16048 984 Email not sent (Payment confirmed for order RB-260811-67722D) because SMTP is disabled in settings.
INFO 2026-08-11 23:19:26,391 services 16048 984 Restored 2 units of stock for cancelled/refunded order RB-260811-E6EC83
INFO 2026-08-11 23:19:26,393 manage_views 16048 984 Payment 1 rejected for order RB-260811-E6EC83 by admin
INFO 2026-08-11 23:19:26,399 emails 16048 984 Email not sent (Payment failed for order RB-260811-E6EC83) because SMTP is disabled in settings.
INFO 2026-08-11 23:19:45,165 services 16048 984 Restored 2 units of stock for cancelled/refunded order RB-260811-AF3999
INFO 2026-08-11 23:19:45,237 mpesa 16048 984 STK push sent for order RB-260811-277DD3 (254712345678) checkout id ws_CO_123
INFO 2026-08-11 23:20:02,655 services 16048 984 Restored 2 units of stock for cancelled/refunded order RB-260811-E0431D
INFO 2026-08-11 23:20:28,327 views 16048 984 User logged in: jane
INFO 2026-08-11 23:20:29,678 emails 16048 984 Email not sent (Welcome to Reeves Boutique) because SMTP is disabled in settings.
INFO 2026-08-11 23:20:32,285 emails 16048 984 Email not sent (Order RB-260811-11E0A2 received at Reeves Boutique) because SMTP is disabled in settings.
INFO 2026-08-11 23:20:32,706 emails 16048 984 Email not sent (Order RB-260811-110936 received at Reeves Boutique) because SMTP is disabled in settings.
INFO 2026-08-11 23:20:48,514 services 16048 984 Restored 2 units of stock for cancelled/refunded order RB-260811-DC5A48
INFO 2026-08-11 23:20:48,518 manage_views 16048 984 Order RB-260811-DC5A48 status changed to cancelled by admin
WARNING 2026-08-11 23:20:50,890 views 16048 984 M-Pesa callback amount mismatch for order RB-260811-AFD4D5: got 1 expected 2150.00
INFO 2026-08-11 23:20:50,964 views 16048 984 M-Pesa payment confirmed for req-1 receipt PJX123ABC amount 2150.00
INFO 2026-08-11 23:20:50,973 views 16048 984 M-Pesa callback already processed for req-1 (status completed)
INFO 2026-08-11 23:20:51,124 views 16048 984 M-Pesa payment failed for req-1: The service request is processed successfully.
INFO 2026-08-11 23:20:51,229 views 16048 984 M-Pesa payment failed for req-1: The service request is processed successfully.
INFO 2026-08-11 23:20:51,323 views 16048 984 M-Pesa payment confirmed for req-1 receipt PJX123ABC amount 2150.00
INFO 2026-08-11 23:20:51,420 views 16048 984 M-Pesa payment confirmed for req-1 receipt PJX123ABC amount 2150.00
INFO 2026-08-11 23:21:23,618 services 16048 984 Inventory alert raised for Elegant Gown (low) by admin2
INFO 2026-08-11 23:21:28,716 emails 16048 984 Email not sent (We received your message) because SMTP is disabled in settings.
ERROR 2026-08-11 23:24:20,999 log 15048 5268 Internal Server Error: /manage/inventory/update/
Traceback (most recent call last):
  File "C:\Users\ADMIN\OneDrive\Desktop\e-comerce\reeves_boutique_django\.venv\Lib\site-packages\django\core\handlers\exception.py", line 55, in inner
    response = get_response(request)
  File "C:\Users\ADMIN\OneDrive\Desktop\e-comerce\reeves_boutique_django\.venv\Lib\site-packages\django\core\handlers\base.py", line 197, in _get_response
    response = wrapped_callback(request, *callback_args, **callback_kwargs)
  File "C:\Users\ADMIN\OneDrive\Desktop\e-comerce\reeves_boutique_django\.venv\Lib\site-packages\django\contrib\auth\decorators.py", line 59, in _view_wrapper
    return view_func(request, *args, **kwargs)
  File "C:\Users\ADMIN\OneDrive\Desktop\e-comerce\reeves_boutique_django\store\decorators.py", line 11, in _wrapped
    return view_func(request, *args, **kwargs)
  File "C:\Users\ADMIN\OneDrive\Desktop\e-comerce\reeves_boutique_django\store\manage_views.py", line 435, in inventory_update
    services.evaluate_product_stock(product, user=request.user)
    ~~~~~~~~~~~~~~~~~~~~~~~~~~~~~~~^^^^^^^^^^^^^^^^^^^^^^^^^^^^
  File "C:\Users\ADMIN\OneDrive\Desktop\e-comerce\reeves_boutique_django\store\services.py", line 441, in evaluate_product_stock
    is_resolved=True, resolved_at=timezone.now())
                                  ^^^^^^^^
NameError: name 'timezone' is not defined
INFO 2026-08-11 23:24:28,237 views 15048 5268 User logged in: jane
INFO 2026-08-11 23:24:31,077 views 15048 5268 User logged in: jane
INFO 2026-08-11 23:24:33,918 views 15048 5268 User logged in: jane
INFO 2026-08-11 23:25:23,795 services 21328 15392 Inventory alert raised for Summer Dress (low) by admin
INFO 2026-08-11 23:25:34,195 views 21328 15392 User logged in: jane
INFO 2026-08-11 23:25:36,974 views 21328 15392 User logged in: jane
INFO 2026-08-11 23:25:39,849 views 21328 15392 User logged in: jane
INFO 2026-08-11 23:26:51,957 services 20068 20520 Restored 6 units of stock for cancelled/refunded order RB-260811-EBAB90
INFO 2026-08-11 23:27:16,677 manage_views 20068 20520 Payment 1 approved manually for order RB-260811-401F53 by admin
INFO 2026-08-11 23:27:21,213 manage_views 20068 20520 Payment 1 rejected for order RB-260811-985632 by admin
INFO 2026-08-11 23:27:25,465 manage_views 20068 20520 Order RB-260811-0EDB6B status changed to shipped by admin
WARNING 2026-08-11 23:27:59,845 views 20068 20520 M-Pesa callback amount mismatch for order RB-260811-2D7E93: got 1 expected 2150.00
INFO 2026-08-11 23:28:02,070 views 20068 20520 M-Pesa payment failed for req-1: The service request is processed successfully.
INFO 2026-08-11 23:28:04,398 views 20068 20520 M-Pesa payment failed for req-1: The service request is processed successfully.
INFO 2026-08-11 23:28:06,620 views 20068 20520 M-Pesa payment confirmed for req-1 receipt PJX123ABC amount 2150.00
ERROR 2026-08-11 23:28:23,356 manage_views 20068 20520 SMTP test failed for who@example.com: connection refused
INFO 2026-08-11 23:28:27,361 manage_views 20068 20520 SMTP test email sent to who@example.com via smtp.gmail.com
INFO 2026-08-11 23:28:32,489 emails 20068 20520 Email sent to jane@example.com: Password reset for Reeves Boutique
INFO 2026-08-11 23:28:38,368 emails 20068 20520 Email not sent (Password reset for Reeves Boutique) because SMTP is disabled in settings.
INFO 2026-08-11 23:28:39,532 emails 20068 20520 Email sent to jane@example.com: Password reset for Reeves Boutique
INFO 2026-08-11 23:28:45,526 emails 20068 20520 Email sent to jane@example.com: Password reset for Reeves Boutique
INFO 2026-08-11 23:28:45,606 services 20068 20520 Restored 2 units of stock for cancelled/refunded order RB-260811-5301F3
ERROR 2026-08-11 23:28:45,736 views 20068 20520 Error handling M-Pesa callback
Traceback (most recent call last):
  File "C:\Users\ADMIN\OneDrive\Desktop\e-comerce\reeves_boutique_django\store\views.py", line 633, in mpesa_callback
    data = json.loads(request.body)
  File "C:\Users\ADMIN\AppData\Local\Programs\Python\Python314\Lib\json\__init__.py", line 352, in loads
    return _default_decoder.decode(s)
           ~~~~~~~~~~~~~~~~~~~~~~~^^^
  File "C:\Users\ADMIN\AppData\Local\Programs\Python\Python314\Lib\json\decoder.py", line 345, in decode
    obj, end = self.raw_decode(s, idx=_w(s, 0).end())
               ~~~~~~~~~~~~~~~^^^^^^^^^^^^^^^^^^^^^^^
  File "C:\Users\ADMIN\AppData\Local\Programs\Python\Python314\Lib\json\decoder.py", line 363, in raw_decode
    raise JSONDecodeError("Expecting value", s, err.value) from None
json.decoder.JSONDecodeError: Expecting value: line 1 column 1 (char 0)
INFO 2026-08-11 23:28:45,853 views 20068 20520 M-Pesa payment failed for req-1: processed
INFO 2026-08-11 23:28:45,866 services 20068 20520 Restored 2 units of stock for cancelled/refunded order RB-260811-C87158
INFO 2026-08-11 23:28:45,876 emails 20068 20520 Email not sent (Payment failed for order RB-260811-C87158) because SMTP is disabled in settings.
INFO 2026-08-11 23:28:45,990 views 20068 20520 M-Pesa payment confirmed for req-paid receipt PJXPAID1 amount 2150.00
INFO 2026-08-11 23:28:46,001 emails 20068 20520 Email not sent (Payment confirmed for order RB-260811-A92E17) because SMTP is disabled in settings.
INFO 2026-08-11 23:28:46,088 views 20068 20520 M-Pesa payment confirmed for req-1 receipt PJX123ABC amount 2150.00
INFO 2026-08-11 23:28:46,098 emails 20068 20520 Email not sent (Payment confirmed for order RB-260811-203E0D) because SMTP is disabled in settings.
WARNING 2026-08-11 23:28:46,191 views 20068 20520 M-Pesa callback for unknown CheckoutRequestID nope
INFO 2026-08-11 23:28:48,357 manage_views 20068 20520 Payment 1 approved manually for order RB-260811-8F49DE by admin
INFO 2026-08-11 23:28:48,365 emails 20068 20520 Email not sent (Payment confirmed for order RB-260811-8F49DE) because SMTP is disabled in settings.
INFO 2026-08-11 23:28:50,481 services 20068 20520 Restored 2 units of stock for cancelled/refunded order RB-260811-E6CE61
INFO 2026-08-11 23:28:50,483 manage_views 20068 20520 Payment 1 rejected for order RB-260811-E6CE61 by admin
INFO 2026-08-11 23:28:50,486 emails 20068 20520 Email not sent (Payment failed for order RB-260811-E6CE61) because SMTP is disabled in settings.
INFO 2026-08-11 23:29:10,375 services 20068 20520 Restored 2 units of stock for cancelled/refunded order RB-260811-AE73D7
INFO 2026-08-11 23:29:10,435 mpesa 20068 20520 STK push sent for order RB-260811-D137F4 (254712345678) checkout id ws_CO_123
INFO 2026-08-11 23:29:32,246 services 20068 20520 Inventory alert raised for Summer Dress (low) by admin
INFO 2026-08-11 23:29:38,005 views 20068 20520 User logged in: jane
INFO 2026-08-11 23:29:40,421 views 20068 20520 User logged in: jane
INFO 2026-08-11 23:29:42,755 views 20068 20520 User logged in: jane
INFO 2026-08-11 23:30:03,378 services 20068 20520 Restored 2 units of stock for cancelled/refunded order RB-260811-78B73D
INFO 2026-08-11 23:30:33,141 views 20068 20520 User logged in: jane
INFO 2026-08-11 23:30:34,289 emails 20068 20520 Email not sent (Welcome to Reeves Boutique) because SMTP is disabled in settings.
INFO 2026-08-11 23:30:36,992 emails 20068 20520 Email not sent (Order RB-260811-CC68A3 received at Reeves Boutique) because SMTP is disabled in settings.
INFO 2026-08-11 23:30:37,416 emails 20068 20520 Email not sent (Order RB-260811-6329EF received at Reeves Boutique) because SMTP is disabled in settings.
INFO 2026-08-11 23:30:53,458 services 20068 20520 Restored 2 units of stock for cancelled/refunded order RB-260811-B83B14
INFO 2026-08-11 23:30:53,460 manage_views 20068 20520 Order RB-260811-B83B14 status changed to cancelled by admin
WARNING 2026-08-11 23:30:55,880 views 20068 20520 M-Pesa callback amount mismatch for order RB-260811-6F64CC: got 1 expected 2150.00
INFO 2026-08-11 23:30:55,974 views 20068 20520 M-Pesa payment confirmed for req-1 receipt PJX123ABC amount 2150.00
INFO 2026-08-11 23:30:55,980 views 20068 20520 M-Pesa callback already processed for req-1 (status completed)
INFO 2026-08-11 23:30:56,053 views 20068 20520 M-Pesa payment failed for req-1: The service request is processed successfully.
INFO 2026-08-11 23:30:56,144 views 20068 20520 M-Pesa payment failed for req-1: The service request is processed successfully.
INFO 2026-08-11 23:30:56,235 views 20068 20520 M-Pesa payment confirmed for req-1 receipt PJX123ABC amount 2150.00
INFO 2026-08-11 23:30:56,314 views 20068 20520 M-Pesa payment confirmed for req-1 receipt PJX123ABC amount 2150.00
INFO 2026-08-11 23:31:27,585 services 20068 20520 Inventory alert raised for Elegant Gown (low) by admin2
INFO 2026-08-11 23:31:31,991 emails 20068 20520 Email not sent (We received your message) because SMTP is disabled in settings.
INFO 2026-08-12 17:07:26,621 basehttp 19032 19584 "GET / HTTP/1.1" 200 63290
INFO 2026-08-12 17:07:27,031 basehttp 19032 19584 "GET /products/ HTTP/1.1" 200 38134
INFO 2026-08-12 17:07:27,211 basehttp 19032 19584 - Broken pipe from ('127.0.0.1', 56481)
INFO 2026-08-12 17:07:41,393 services 21584 8768 Restored 6 units of stock for cancelled/refunded order RB-260812-7889A3
INFO 2026-08-12 17:08:18,324 manage_views 21584 8768 Payment 1 approved manually for order RB-260812-27E129 by admin
INFO 2026-08-12 17:08:24,703 manage_views 21584 8768 Payment 1 rejected for order RB-260812-E99D93 by admin
INFO 2026-08-12 17:08:31,018 manage_views 21584 8768 Order RB-260812-93F6E8 status changed to shipped by admin
WARNING 2026-08-12 17:09:16,964 views 21584 8768 M-Pesa callback amount mismatch for order RB-260812-A5CAAE: got 1 expected 2150.00
INFO 2026-08-12 17:09:20,008 views 21584 8768 M-Pesa payment failed for req-1: The service request is processed successfully.
INFO 2026-08-12 17:09:22,471 views 21584 8768 M-Pesa payment failed for req-1: The service request is processed successfully.
INFO 2026-08-12 17:09:25,568 views 21584 8768 M-Pesa payment confirmed for req-1 receipt PJX123ABC amount 2150.00
ERROR 2026-08-12 17:09:47,116 manage_views 21584 8768 SMTP test failed for who@example.com: connection refused
INFO 2026-08-12 17:09:52,902 manage_views 21584 8768 SMTP test email sent to who@example.com via smtp.gmail.com
INFO 2026-08-12 17:10:00,454 emails 21584 8768 Email sent to jane@example.com: Password reset for Reeves Boutique
INFO 2026-08-12 17:10:09,175 emails 21584 8768 Email not sent (Password reset for Reeves Boutique) because SMTP is disabled in settings.
INFO 2026-08-12 17:10:10,794 emails 21584 8768 Email sent to jane@example.com: Password reset for Reeves Boutique
INFO 2026-08-12 17:10:19,007 emails 21584 8768 Email sent to jane@example.com: Password reset for Reeves Boutique
INFO 2026-08-12 17:10:19,147 services 21584 8768 Restored 2 units of stock for cancelled/refunded order RB-260812-35DDF3
ERROR 2026-08-12 17:10:19,314 views 21584 8768 Error handling M-Pesa callback
Traceback (most recent call last):
  File "C:\Users\ADMIN\OneDrive\Desktop\e-comerce\reeves_boutique_django\store\views.py", line 633, in mpesa_callback
    data = json.loads(request.body)
  File "C:\Users\ADMIN\AppData\Local\Programs\Python\Python314\Lib\json\__init__.py", line 352, in loads
    return _default_decoder.decode(s)
           ~~~~~~~~~~~~~~~~~~~~~~~^^^
  File "C:\Users\ADMIN\AppData\Local\Programs\Python\Python314\Lib\json\decoder.py", line 345, in decode
    obj, end = self.raw_decode(s, idx=_w(s, 0).end())
               ~~~~~~~~~~~~~~~^^^^^^^^^^^^^^^^^^^^^^^
  File "C:\Users\ADMIN\AppData\Local\Programs\Python\Python314\Lib\json\decoder.py", line 363, in raw_decode
    raise JSONDecodeError("Expecting value", s, err.value) from None
json.decoder.JSONDecodeError: Expecting value: line 1 column 1 (char 0)
INFO 2026-08-12 17:10:19,498 views 21584 8768 M-Pesa payment failed for req-1: processed
INFO 2026-08-12 17:10:19,510 services 21584 8768 Restored 2 units of stock for cancelled/refunded order RB-260812-BDE9F1
INFO 2026-08-12 17:10:19,517 emails 21584 8768 Email not sent (Payment failed for order RB-260812-BDE9F1) because SMTP is disabled in settings.
INFO 2026-08-12 17:10:19,681 views 21584 8768 M-Pesa payment confirmed for req-paid receipt PJXPAID1 amount 2150.00
INFO 2026-08-12 17:10:19,689 emails 21584 8768 Email not sent (Payment confirmed for order RB-260812-016958) because SMTP is disabled in settings.
INFO 2026-08-12 17:10:19,850 views 21584 8768 M-Pesa payment confirmed for req-1 receipt PJX123ABC amount 2150.00
INFO 2026-08-12 17:10:19,857 emails 21584 8768 Email not sent (Payment confirmed for order RB-260812-C35DCA) because SMTP is disabled in settings.
WARNING 2026-08-12 17:10:19,994 views 21584 8768 M-Pesa callback for unknown CheckoutRequestID nope
INFO 2026-08-12 17:10:22,919 manage_views 21584 8768 Payment 1 approved manually for order RB-260812-9875A9 by admin
INFO 2026-08-12 17:10:22,935 emails 21584 8768 Email not sent (Payment confirmed for order RB-260812-9875A9) because SMTP is disabled in settings.
INFO 2026-08-12 17:10:26,447 services 21584 8768 Restored 2 units of stock for cancelled/refunded order RB-260812-417E9A
INFO 2026-08-12 17:10:26,449 manage_views 21584 8768 Payment 1 rejected for order RB-260812-417E9A by admin
INFO 2026-08-12 17:10:26,457 emails 21584 8768 Email not sent (Payment failed for order RB-260812-417E9A) because SMTP is disabled in settings.
INFO 2026-08-12 17:10:51,508 services 21584 8768 Restored 2 units of stock for cancelled/refunded order RB-260812-9B02B0
INFO 2026-08-12 17:10:51,572 mpesa 21584 8768 STK push sent for order RB-260812-E3C2A5 (254712345678) checkout id ws_CO_123
INFO 2026-08-12 17:11:21,698 services 21584 8768 Inventory alert raised for Summer Dress (low) by admin
INFO 2026-08-12 17:11:30,026 views 21584 8768 User logged in: jane
INFO 2026-08-12 17:11:33,009 views 21584 8768 User logged in: jane
INFO 2026-08-12 17:11:36,177 views 21584 8768 User logged in: jane
INFO 2026-08-12 17:11:55,892 services 21584 8768 Restored 2 units of stock for cancelled/refunded order RB-260812-2044E8
INFO 2026-08-12 17:12:27,693 views 21584 8768 User logged in: jane
INFO 2026-08-12 17:12:28,894 emails 21584 8768 Email not sent (Welcome to Reeves Boutique) because SMTP is disabled in settings.
INFO 2026-08-12 17:12:31,745 emails 21584 8768 Email not sent (Order RB-260812-25C4A2 received at Reeves Boutique) because SMTP is disabled in settings.
INFO 2026-08-12 17:12:32,133 emails 21584 8768 Email not sent (Order RB-260812-CE65C8 received at Reeves Boutique) because SMTP is disabled in settings.
INFO 2026-08-12 17:12:54,340 services 21584 8768 Restored 2 units of stock for cancelled/refunded order RB-260812-BF4998
INFO 2026-08-12 17:12:54,342 manage_views 21584 8768 Order RB-260812-BF4998 status changed to cancelled by admin
WARNING 2026-08-12 17:12:57,514 views 21584 8768 M-Pesa callback amount mismatch for order RB-260812-1F92CE: got 1 expected 2150.00
INFO 2026-08-12 17:12:57,638 views 21584 8768 M-Pesa payment confirmed for req-1 receipt PJX123ABC amount 2150.00
INFO 2026-08-12 17:12:57,652 views 21584 8768 M-Pesa callback already processed for req-1 (status completed)
INFO 2026-08-12 17:12:57,750 views 21584 8768 M-Pesa payment failed for req-1: The service request is processed successfully.
INFO 2026-08-12 17:12:57,827 views 21584 8768 M-Pesa payment failed for req-1: The service request is processed successfully.
INFO 2026-08-12 17:12:57,917 views 21584 8768 M-Pesa payment confirmed for req-1 receipt PJX123ABC amount 2150.00
INFO 2026-08-12 17:12:58,055 views 21584 8768 M-Pesa payment confirmed for req-1 receipt PJX123ABC amount 2150.00
INFO 2026-08-12 17:13:43,256 services 21584 8768 Inventory alert raised for Elegant Gown (low) by admin2
INFO 2026-08-12 17:13:51,067 emails 21584 8768 Email not sent (We received your message) because SMTP is disabled in settings.
INFO 2026-08-12 17:15:48,285 basehttp 19032 26436 "GET / HTTP/1.1" 200 63290
INFO 2026-08-12 17:15:48,344 basehttp 19032 26436 "GET /products/ HTTP/1.1" 200 38134
INFO 2026-08-12 17:15:48,380 basehttp 19032 26436 "GET /cart/ HTTP/1.1" 200 9675
INFO 2026-08-12 17:15:48,438 basehttp 19032 26436 "GET /contact/ HTTP/1.1" 200 10403
INFO 2026-08-12 17:15:48,508 basehttp 19032 26436 "GET /account/register/ HTTP/1.1" 200 10814
ERROR 2026-08-12 17:15:51,914 emails 19032 26436 Email failed to st13usercf5dab4f@example.com (Welcome to Reeves Boutique): (530, b'5.7.0 Authentication Required. For more information, go to\n5.7.0  https://support.google.com/accounts/troubleshooter/2402620. ffacd0b85a97d-48150d4c10asm7737285f8f.20 - gsmtp', 'Reeves Boutique <noreply@store.com>')
INFO 2026-08-12 17:15:51,936 basehttp 19032 26436 "POST /account/register/ HTTP/1.1" 302 0
INFO 2026-08-12 17:15:52,028 basehttp 19032 26436 "GET /account/ HTTP/1.1" 200 11861
WARNING 2026-08-12 17:15:52,035 basehttp 19032 26436 "GET /account/logout/ HTTP/1.1" 405 0
INFO 2026-08-12 17:15:52,063 basehttp 19032 26436 "POST /account/logout/ HTTP/1.1" 302 0
INFO 2026-08-12 17:15:52,068 basehttp 19032 26436 "GET /account/ HTTP/1.1" 302 0
INFO 2026-08-12 17:15:52,119 basehttp 19032 26436 "GET /account/login/?next=/account/ HTTP/1.1" 200 10137
INFO 2026-08-12 17:15:52,161 basehttp 19032 26436 "GET /account/login/ HTTP/1.1" 200 10122
INFO 2026-08-12 17:15:54,463 views 19032 26436 User logged in: st13usercf5dab4f
INFO 2026-08-12 17:15:54,495 basehttp 19032 26436 "POST /account/login/ HTTP/1.1" 302 0
INFO 2026-08-12 17:15:54,577 basehttp 19032 26436 "GET /account/ HTTP/1.1" 200 11425
INFO 2026-08-12 17:15:54,622 basehttp 19032 26436 "GET /account/password-change/ HTTP/1.1" 200 11220
INFO 2026-08-12 17:15:58,636 basehttp 19032 26436 "POST /account/password-change/ HTTP/1.1" 302 0
INFO 2026-08-12 17:15:58,657 basehttp 19032 26436 "GET /account/login/ HTTP/1.1" 200 10122
INFO 2026-08-12 17:16:01,214 views 19032 26436 User logged in: st13usercf5dab4f
INFO 2026-08-12 17:16:01,226 basehttp 19032 26436 "POST /account/login/ HTTP/1.1" 302 0
INFO 2026-08-12 17:16:01,269 basehttp 19032 26436 "GET /account/password-reset/ HTTP/1.1" 200 10441
ERROR 2026-08-12 17:16:02,787 emails 19032 26436 Email failed to st13usercf5dab4f@example.com (Password reset for Reeves Boutique): (530, b'5.7.0 Authentication Required. For more information, go to\n5.7.0  https://support.google.com/accounts/troubleshooter/2402620. ffacd0b85a97d-48150d4e260sm7750677f8f.17 - gsmtp', 'Reeves Boutique <noreply@store.com>')
INFO 2026-08-12 17:16:02,805 basehttp 19032 26436 "POST /account/password-reset/ HTTP/1.1" 302 0
INFO 2026-08-12 17:16:05,472 basehttp 19032 26436 "GET /account/reset/Mw/dd7jys-7314f48f0b9ce0953ea59dd4d53a8ed1/ HTTP/1.1" 302 0
INFO 2026-08-12 17:16:05,516 basehttp 19032 26436 "GET /account/reset/Mw/set-password/ HTTP/1.1" 200 10482
WARNING 2026-08-12 17:16:05,561 basehttp 19032 26436 "GET /account/reset/dd7jys-7314f48f0b9ce0953ea59dd4d53a8ed1// HTTP/1.1" 404 23545
WARNING 2026-08-12 17:16:05,603 basehttp 19032 26436 "POST /account/reset/dd7jys-7314f48f0b9ce0953ea59dd4d53a8ed1// HTTP/1.1" 404 23546
INFO 2026-08-12 17:16:05,629 basehttp 19032 26436 "GET /account/login/ HTTP/1.1" 200 10122
INFO 2026-08-12 17:16:07,749 basehttp 19032 26436 "POST /account/login/ HTTP/1.1" 200 10249
INFO 2026-08-12 17:16:12,150 basehttp 19032 7624 "GET /account/login/ HTTP/1.1" 200 10122
INFO 2026-08-12 17:16:14,433 views 19032 7624 User logged in: st13admin6187cb0e
INFO 2026-08-12 17:16:14,461 basehttp 19032 7624 "POST /account/login/ HTTP/1.1" 302 0
INFO 2026-08-12 17:16:14,706 basehttp 19032 7624 "GET /manage/products/ HTTP/1.1" 200 65960
INFO 2026-08-12 17:16:14,794 basehttp 19032 7624 "GET /manage/products/add/ HTTP/1.1" 200 21906
INFO 2026-08-12 18:20:58,126 services 22100 18704 Restored 6 units of stock for cancelled/refunded order RB-260812-9737DC
INFO 2026-08-12 18:21:41,554 manage_views 22100 18704 Payment 1 approved manually for order RB-260812-85101B by admin
INFO 2026-08-12 18:21:47,436 manage_views 22100 18704 Payment 1 rejected for order RB-260812-2AA0CE by admin
INFO 2026-08-12 18:21:53,152 manage_views 22100 18704 Order RB-260812-ABF68B status changed to shipped by admin
WARNING 2026-08-12 18:22:45,357 views 22100 18704 M-Pesa callback amount mismatch for order RB-260812-1A7E3D: got 1 expected 2150.00
INFO 2026-08-12 18:22:48,222 views 22100 18704 M-Pesa payment failed for req-1: The service request is processed successfully.
INFO 2026-08-12 18:22:51,151 views 22100 18704 M-Pesa payment failed for req-1: The service request is processed successfully.
INFO 2026-08-12 18:22:54,266 views 22100 18704 M-Pesa payment confirmed for req-1 receipt PJX123ABC amount 2150.00
ERROR 2026-08-12 18:23:16,899 manage_views 22100 18704 SMTP test failed for who@example.com: connection refused
INFO 2026-08-12 18:23:23,257 manage_views 22100 18704 SMTP test email sent to who@example.com via smtp.gmail.com
INFO 2026-08-12 18:23:30,828 emails 22100 18704 Email sent to jane@example.com: Password reset for Reeves Boutique
INFO 2026-08-12 18:23:40,239 emails 22100 18704 Email not sent (Password reset for Reeves Boutique) because SMTP is disabled in settings.
INFO 2026-08-12 18:23:41,569 emails 22100 18704 Email sent to jane@example.com: Password reset for Reeves Boutique
INFO 2026-08-12 18:23:50,313 emails 22100 18704 Email sent to jane@example.com: Password reset for Reeves Boutique
INFO 2026-08-12 18:23:50,469 services 22100 18704 Restored 2 units of stock for cancelled/refunded order RB-260812-417B76
ERROR 2026-08-12 18:23:50,653 views 22100 18704 Error handling M-Pesa callback
Traceback (most recent call last):
  File "C:\Users\ADMIN\OneDrive\Desktop\e-comerce\reeves_boutique_django\store\views.py", line 633, in mpesa_callback
    data = json.loads(request.body)
  File "C:\Users\ADMIN\AppData\Local\Programs\Python\Python314\Lib\json\__init__.py", line 352, in loads
    return _default_decoder.decode(s)
           ~~~~~~~~~~~~~~~~~~~~~~~^^^
  File "C:\Users\ADMIN\AppData\Local\Programs\Python\Python314\Lib\json\decoder.py", line 345, in decode
    obj, end = self.raw_decode(s, idx=_w(s, 0).end())
               ~~~~~~~~~~~~~~~^^^^^^^^^^^^^^^^^^^^^^^
  File "C:\Users\ADMIN\AppData\Local\Programs\Python\Python314\Lib\json\decoder.py", line 363, in raw_decode
    raise JSONDecodeError("Expecting value", s, err.value) from None
json.decoder.JSONDecodeError: Expecting value: line 1 column 1 (char 0)
INFO 2026-08-12 18:23:50,826 views 22100 18704 M-Pesa payment failed for req-1: processed
INFO 2026-08-12 18:23:50,845 services 22100 18704 Restored 2 units of stock for cancelled/refunded order RB-260812-4EDED0
INFO 2026-08-12 18:23:50,862 emails 22100 18704 Email not sent (Payment failed for order RB-260812-4EDED0) because SMTP is disabled in settings.
INFO 2026-08-12 18:23:51,197 views 22100 18704 M-Pesa payment confirmed for req-paid receipt PJXPAID1 amount 2150.00
INFO 2026-08-12 18:23:51,217 emails 22100 18704 Email not sent (Payment confirmed for order RB-260812-FEB27B) because SMTP is disabled in settings.
INFO 2026-08-12 18:23:51,437 views 22100 18704 M-Pesa payment confirmed for req-1 receipt PJX123ABC amount 2150.00
INFO 2026-08-12 18:23:51,460 emails 22100 18704 Email not sent (Payment confirmed for order RB-260812-122AD2) because SMTP is disabled in settings.
WARNING 2026-08-12 18:23:51,687 views 22100 18704 M-Pesa callback for unknown CheckoutRequestID nope
INFO 2026-08-12 18:23:55,085 manage_views 22100 18704 Payment 1 approved manually for order RB-260812-F6EDC3 by admin
INFO 2026-08-12 18:23:55,106 emails 22100 18704 Email not sent (Payment confirmed for order RB-260812-F6EDC3) because SMTP is disabled in settings.
INFO 2026-08-12 18:23:58,896 services 22100 18704 Restored 2 units of stock for cancelled/refunded order RB-260812-EEC229
INFO 2026-08-12 18:23:58,899 manage_views 22100 18704 Payment 1 rejected for order RB-260812-EEC229 by admin
INFO 2026-08-12 18:23:58,911 emails 22100 18704 Email not sent (Payment failed for order RB-260812-EEC229) because SMTP is disabled in settings.
INFO 2026-08-12 18:24:34,880 services 22100 18704 Restored 2 units of stock for cancelled/refunded order RB-260812-F7F8ED
INFO 2026-08-12 18:24:35,097 mpesa 22100 18704 STK push sent for order RB-260812-4841D8 (254712345678) checkout id ws_CO_123
INFO 2026-08-12 18:25:30,030 services 22100 18704 Inventory alert raised for Summer Dress (low) by admin
INFO 2026-08-12 18:25:41,593 views 22100 18704 User logged in: jane
INFO 2026-08-12 18:25:47,168 views 22100 18704 User logged in: jane
INFO 2026-08-12 18:25:53,148 views 22100 18704 User logged in: jane
INFO 2026-08-12 18:26:31,851 services 22100 18704 Restored 2 units of stock for cancelled/refunded order RB-260812-94A877
INFO 2026-08-12 18:27:41,193 views 22100 18704 User logged in: jane
INFO 2026-08-12 18:27:43,992 emails 22100 18704 Email not sent (Welcome to Reeves Boutique) because SMTP is disabled in settings.
INFO 2026-08-12 18:28:02,714 emails 22100 18704 Email not sent (Order RB-260812-A212CA received at Reeves Boutique) because SMTP is disabled in settings.
INFO 2026-08-12 18:28:04,559 emails 22100 18704 Email not sent (Order RB-260812-FAF385 received at Reeves Boutique) because SMTP is disabled in settings.
INFO 2026-08-12 18:28:57,785 services 22100 18704 Restored 2 units of stock for cancelled/refunded order RB-260812-7EAC9D
INFO 2026-08-12 18:28:57,792 manage_views 22100 18704 Order RB-260812-7EAC9D status changed to cancelled by admin
WARNING 2026-08-12 18:29:09,653 views 22100 18704 M-Pesa callback amount mismatch for order RB-260812-B1307F: got 1 expected 2150.00
INFO 2026-08-12 18:29:10,770 views 22100 18704 M-Pesa payment confirmed for req-1 receipt PJX123ABC amount 2150.00
INFO 2026-08-12 18:29:10,831 views 22100 18704 M-Pesa callback already processed for req-1 (status completed)
INFO 2026-08-12 18:29:11,475 views 22100 18704 M-Pesa payment failed for req-1: The service request is processed successfully.
INFO 2026-08-12 18:29:11,973 views 22100 18704 M-Pesa payment failed for req-1: The service request is processed successfully.
INFO 2026-08-12 18:29:12,653 views 22100 18704 M-Pesa payment confirmed for req-1 receipt PJX123ABC amount 2150.00
INFO 2026-08-12 18:29:13,165 views 22100 18704 M-Pesa payment confirmed for req-1 receipt PJX123ABC amount 2150.00
INFO 2026-08-12 18:30:46,446 services 22100 18704 Inventory alert raised for Elegant Gown (low) by admin2
INFO 2026-08-12 18:31:03,836 emails 22100 18704 Email not sent (We received your message) because SMTP is disabled in settings.
INFO 2026-08-12 18:41:19,037 basehttp 22452 24860 "GET / HTTP/1.1" 200 63290
INFO 2026-08-12 18:41:19,361 basehttp 22452 24860 - Broken pipe from ('127.0.0.1', 62069)
INFO 2026-08-12 18:41:23,072 basehttp 22452 23200 "GET /products/ HTTP/1.1" 200 38134
INFO 2026-08-12 18:41:23,243 basehttp 22452 23200 "GET /account/login/ HTTP/1.1" 200 10122
INFO 2026-08-12 18:41:23,330 basehttp 22452 23200 "GET /cart/ HTTP/1.1" 200 9675
INFO 2026-08-12 18:41:23,379 basehttp 22452 23200 "GET /checkout/ HTTP/1.1" 302 0
INFO 2026-08-12 18:41:23,400 basehttp 22452 23200 "GET /cart/ HTTP/1.1" 200 10078
INFO 2026-08-12 18:41:23,462 basehttp 22452 23200 "GET /manage/products/ HTTP/1.1" 302 0
INFO 2026-08-12 18:41:23,481 basehttp 22452 23200 "GET /account/login/?next=/manage/products/ HTTP/1.1" 200 10145
WARNING 2026-08-12 18:41:23,592 basehttp 22452 23200 "GET /api/health/ HTTP/1.1" 404 23413
INFO 2026-08-12 18:41:23,652 basehttp 22452 23200 - Broken pipe from ('127.0.0.1', 62076)
INFO 2026-08-12 20:18:40,283 services 8988 19564 Restored 6 units of stock for cancelled/refunded order RB-260812-AB26D0
INFO 2026-08-12 20:20:43,013 manage_views 8988 19564 Payment 1 approved manually for order RB-260812-0C8BCA by admin
INFO 2026-08-12 20:20:57,462 manage_views 8988 19564 Payment 1 rejected for order RB-260812-3F7D56 by admin
INFO 2026-08-12 20:22:15,371 manage_views 8988 19564 Order RB-260812-650272 status changed to shipped by admin
INFO 2026-08-12 20:24:06,655 services 23588 21988 Restored 6 units of stock for cancelled/refunded order RB-260812-9AED56
INFO 2026-08-12 20:25:32,711 manage_views 23588 21988 Payment 1 approved manually for order RB-260812-7BC8AC by admin
INFO 2026-08-12 20:25:46,234 manage_views 23588 21988 Payment 1 rejected for order RB-260812-5630D8 by admin
INFO 2026-08-12 20:25:59,170 manage_views 23588 21988 Order RB-260812-BAFB32 status changed to shipped by admin
WARNING 2026-08-12 20:27:33,847 views 23588 21988 M-Pesa callback amount mismatch for order RB-260812-EC2362: got 1 expected 2150.00
INFO 2026-08-12 20:27:40,222 views 23588 21988 M-Pesa payment failed for req-1: The service request is processed successfully.
INFO 2026-08-12 20:27:46,605 views 23588 21988 M-Pesa payment failed for req-1: The service request is processed successfully.
INFO 2026-08-12 20:27:53,277 views 23588 21988 M-Pesa payment confirmed for req-1 receipt PJX123ABC amount 2150.00
ERROR 2026-08-12 20:28:38,091 manage_views 23588 21988 SMTP test failed for who@example.com: connection refused
INFO 2026-08-12 20:28:49,660 manage_views 23588 21988 SMTP test email sent to who@example.com via smtp.gmail.com
INFO 2026-08-12 20:29:08,621 emails 23588 21988 Email sent to jane@example.com: Password reset for Reeves Boutique
INFO 2026-08-12 20:29:26,187 emails 23588 21988 Email not sent (Password reset for Reeves Boutique) because SMTP is disabled in settings.
INFO 2026-08-12 20:29:29,341 emails 23588 21988 Email sent to jane@example.com: Password reset for Reeves Boutique
INFO 2026-08-12 20:29:45,953 emails 23588 21988 Email sent to jane@example.com: Password reset for Reeves Boutique
INFO 2026-08-12 20:29:46,219 services 23588 21988 Restored 2 units of stock for cancelled/refunded order RB-260812-C8F6F3
ERROR 2026-08-12 20:29:46,588 views 23588 21988 Error handling M-Pesa callback
Traceback (most recent call last):
  File "C:\Users\ADMIN\OneDrive\Desktop\e-comerce\store\views.py", line 633, in mpesa_callback
    data = json.loads(request.body)
  File "C:\Users\ADMIN\AppData\Local\Programs\Python\Python314\Lib\json\__init__.py", line 352, in loads
    return _default_decoder.decode(s)
           ~~~~~~~~~~~~~~~~~~~~~~~^^^
  File "C:\Users\ADMIN\AppData\Local\Programs\Python\Python314\Lib\json\decoder.py", line 345, in decode
    obj, end = self.raw_decode(s, idx=_w(s, 0).end())
               ~~~~~~~~~~~~~~~^^^^^^^^^^^^^^^^^^^^^^^
  File "C:\Users\ADMIN\AppData\Local\Programs\Python\Python314\Lib\json\decoder.py", line 363, in raw_decode
    raise JSONDecodeError("Expecting value", s, err.value) from None
json.decoder.JSONDecodeError: Expecting value: line 1 column 1 (char 0)
INFO 2026-08-12 20:29:46,960 views 23588 21988 M-Pesa payment failed for req-1: processed
INFO 2026-08-12 20:29:46,985 services 23588 21988 Restored 2 units of stock for cancelled/refunded order RB-260812-4E3BE3
INFO 2026-08-12 20:29:47,012 emails 23588 21988 Email not sent (Payment failed for order RB-260812-4E3BE3) because SMTP is disabled in settings.
INFO 2026-08-12 20:29:47,420 views 23588 21988 M-Pesa payment confirmed for req-paid receipt PJXPAID1 amount 2150.00
INFO 2026-08-12 20:29:47,437 emails 23588 21988 Email not sent (Payment confirmed for order RB-260812-22CC8C) because SMTP is disabled in settings.
INFO 2026-08-12 20:29:47,779 views 23588 21988 M-Pesa payment confirmed for req-1 receipt PJX123ABC amount 2150.00
INFO 2026-08-12 20:29:47,834 emails 23588 21988 Email not sent (Payment confirmed for order RB-260812-5C7190) because SMTP is disabled in settings.
WARNING 2026-08-12 20:29:48,111 views 23588 21988 M-Pesa callback for unknown CheckoutRequestID nope
INFO 2026-08-12 20:29:54,759 manage_views 23588 21988 Payment 1 approved manually for order RB-260812-94DBFF by admin
INFO 2026-08-12 20:29:54,792 emails 23588 21988 Email not sent (Payment confirmed for order RB-260812-94DBFF) because SMTP is disabled in settings.
INFO 2026-08-12 20:30:00,947 services 23588 21988 Restored 2 units of stock for cancelled/refunded order RB-260812-994384
INFO 2026-08-12 20:30:00,952 manage_views 23588 21988 Payment 1 rejected for order RB-260812-994384 by admin
INFO 2026-08-12 20:30:00,967 emails 23588 21988 Email not sent (Payment failed for order RB-260812-994384) because SMTP is disabled in settings.
INFO 2026-08-12 20:30:54,834 services 23588 21988 Restored 2 units of stock for cancelled/refunded order RB-260812-425290
INFO 2026-08-12 20:30:55,025 mpesa 23588 21988 STK push sent for order RB-260812-790569 (254712345678) checkout id ws_CO_123
INFO 2026-08-12 20:31:49,007 services 23588 21988 Inventory alert raised for Summer Dress (low) by admin
INFO 2026-08-12 20:32:07,371 views 23588 21988 User logged in: jane
INFO 2026-08-12 20:32:13,231 views 23588 21988 User logged in: jane
INFO 2026-08-12 20:32:19,284 views 23588 21988 User logged in: jane
INFO 2026-08-12 20:33:04,035 services 23588 21988 Restored 2 units of stock for cancelled/refunded order RB-260812-6E00D5
INFO 2026-08-12 20:34:14,144 views 23588 21988 User logged in: jane
INFO 2026-08-12 20:34:17,376 emails 23588 21988 Email not sent (Welcome to Reeves Boutique) because SMTP is disabled in settings.
INFO 2026-08-12 20:34:25,158 emails 23588 21988 Email not sent (Order RB-260812-DA1D0B received at Reeves Boutique) because SMTP is disabled in settings.
INFO 2026-08-12 20:34:26,424 emails 23588 21988 Email not sent (Order RB-260812-06C656 received at Reeves Boutique) because SMTP is disabled in settings.
INFO 2026-08-12 20:35:10,511 services 23588 21988 Restored 2 units of stock for cancelled/refunded order RB-260812-2BD1F8
INFO 2026-08-12 20:35:10,524 manage_views 23588 21988 Order RB-260812-2BD1F8 status changed to cancelled by admin
WARNING 2026-08-12 20:35:15,877 views 23588 21988 M-Pesa callback amount mismatch for order RB-260812-1CEC24: got 1 expected 2150.00
INFO 2026-08-12 20:35:16,121 views 23588 21988 M-Pesa payment confirmed for req-1 receipt PJX123ABC amount 2150.00
INFO 2026-08-12 20:35:16,137 views 23588 21988 M-Pesa callback already processed for req-1 (status completed)
INFO 2026-08-12 20:35:16,408 views 23588 21988 M-Pesa payment failed for req-1: The service request is processed successfully.
INFO 2026-08-12 20:35:16,641 views 23588 21988 M-Pesa payment failed for req-1: The service request is processed successfully.
INFO 2026-08-12 20:35:16,961 views 23588 21988 M-Pesa payment confirmed for req-1 receipt PJX123ABC amount 2150.00
INFO 2026-08-12 20:35:17,248 views 23588 21988 M-Pesa payment confirmed for req-1 receipt PJX123ABC amount 2150.00
INFO 2026-08-12 20:36:43,938 services 23588 21988 Inventory alert raised for Elegant Gown (low) by admin2
INFO 2026-08-12 20:36:53,756 emails 23588 21988 Email not sent (We received your message) because SMTP is disabled in settings.
INFO 2026-08-12 20:57:19,503 basehttp 19644 1952 "GET / HTTP/1.1" 200 63290
INFO 2026-08-12 20:57:48,398 basehttp 19504 23956 "GET /products/ HTTP/1.1" 200 38134
INFO 2026-08-12 20:57:49,595 basehttp 19504 23956 "GET /static/store.css HTTP/1.1" 200 65926
WARNING 2026-08-12 20:57:50,064 basehttp 19504 23956 "GET /media/products/ HTTP/1.1" 404 23605
INFO 2026-08-12 20:57:50,372 basehttp 19504 23956 "GET /django-admin/ HTTP/1.1" 302 0
INFO 2026-08-12 20:57:50,519 basehttp 19504 23956 "GET /django-admin/login/?next=/django-admin/ HTTP/1.1" 200 4212
INFO 2026-08-12 20:57:50,597 basehttp 19504 23956 "GET /robots.txt HTTP/1.1" 200 191
INFO 2026-08-12 20:58:17,505 basehttp 20724 20248 "GET /media/products/prog.jpg HTTP/1.1" 200 152239
INFO 2026-08-12 21:00:50,323 autoreload 22016 17212 Watching for file changes with StatReloader
WARNING 2026-08-12 21:01:03,745 base 22016 20592 Session data corrupted
INFO 2026-08-12 21:01:03,925 log 22016 20592 "GET / HTTP/1.1" 200 63290
INFO 2026-08-12 21:01:04,206 log 22016 19672 "GET /static/store.js HTTP/1.1" 200 14589
INFO 2026-08-12 21:01:04,213 log 22016 20592 "GET /static/store.css HTTP/1.1" 200 65926
WARNING 2026-08-12 21:01:05,148 log 22016 20592 "GET /favicon.ico HTTP/1.1" 404 23413
WARNING 2026-08-12 22:57:08,298 base 22016 5032 Session data corrupted
INFO 2026-08-12 22:57:08,339 log 22016 5032 "GET /products/ HTTP/1.1" 200 38134
INFO 2026-08-12 22:57:08,375 log 22016 5032 "GET /static/store.css HTTP/1.1" 200 65926
WARNING 2026-08-12 22:57:21,229 base 22016 5032 Session data corrupted
INFO 2026-08-12 22:57:21,241 log 22016 5032 "GET /products/?q=&category=bags&brand=Accessories&min_price=&max_price=&min_rating= HTTP/1.1" 200 13304
WARNING 2026-08-12 22:57:46,404 base 22016 5032 Session data corrupted
INFO 2026-08-12 22:57:46,416 log 22016 5032 "GET /products/?q=&category=bags&brand=Kids&min_price=&max_price=&min_rating= HTTP/1.1" 200 13290
WARNING 2026-08-12 22:57:51,370 base 22016 5032 Session data corrupted
INFO 2026-08-12 22:57:51,384 log 22016 5032 "GET /account/login/ HTTP/1.1" 200 10122
WARNING 2026-08-12 22:57:54,301 base 22016 5032 Session data corrupted
INFO 2026-08-12 22:57:55,674 views 22016 5032 User logged in: jonnie
INFO 2026-08-12 22:57:55,688 log 22016 5032 "POST /account/login/ HTTP/1.1" 302 0
INFO 2026-08-12 22:57:55,726 log 22016 5032 "GET /account/ HTTP/1.1" 200 11488
INFO 2026-08-12 22:57:57,323 log 22016 5032 "GET /account/orders/ HTTP/1.1" 200 11123
INFO 2026-08-12 22:58:03,398 log 22016 5032 "GET /manage/ HTTP/1.1" 200 25080
INFO 2026-08-12 22:58:08,985 log 22016 5032 "GET /manage/settings/email/ HTTP/1.1" 200 21508
INFO 2026-08-12 22:58:16,044 log 22016 5032 "GET /manage/settings/payments/ HTTP/1.1" 200 21130
INFO 2026-08-12 22:58:17,912 log 22016 5032 "GET /manage/settings/ HTTP/1.1" 200 23609
INFO 2026-08-12 22:58:19,773 log 22016 5032 "GET /manage/settings/payments/ HTTP/1.1" 200 21130
INFO 2026-08-12 22:58:29,000 log 22016 5032 "GET /manage/system-health/ HTTP/1.1" 200 20125
INFO 2026-08-12 22:58:32,887 log 22016 5032 "GET /django-admin/ HTTP/1.1" 200 18071
INFO 2026-08-12 22:58:32,937 log 22016 5032 "GET /static/admin/css/base.css HTTP/1.1" 200 23100
INFO 2026-08-12 22:58:32,938 log 22016 19756 "GET /static/admin/css/dark_mode.css HTTP/1.1" 200 3538
INFO 2026-08-12 22:58:32,950 log 22016 11532 "GET /static/admin/js/theme.js HTTP/1.1" 200 1653
INFO 2026-08-12 22:58:32,952 log 22016 8384 "GET /static/admin/css/dashboard.css HTTP/1.1" 200 441
INFO 2026-08-12 22:58:32,958 log 22016 21232 "GET /static/admin/css/nav_sidebar.css HTTP/1.1" 200 2810
INFO 2026-08-12 22:58:32,959 log 22016 24284 "GET /static/admin/css/responsive.css HTTP/1.1" 200 16273
INFO 2026-08-12 22:58:32,963 log 22016 8384 "GET /static/admin/js/nav_sidebar.js HTTP/1.1" 200 3063
INFO 2026-08-12 22:58:32,975 log 22016 8384 "GET /static/admin/img/icon-addlink.svg HTTP/1.1" 200 593
INFO 2026-08-12 22:58:32,975 log 22016 24284 "GET /static/admin/img/icon-changelink.svg HTTP/1.1" 200 978
INFO 2026-08-12 22:59:02,785 log 22016 8384 "GET / HTTP/1.1" 200 78001
INFO 2026-08-12 22:59:02,808 log 22016 8384 "GET /static/store.js HTTP/1.1" 200 14589
INFO 2026-08-12 22:59:14,560 log 22016 8384 "GET /manage/ HTTP/1.1" 200 25080
INFO 2026-08-12 22:59:28,029 log 22016 8384 "GET / HTTP/1.1" 200 78001
INFO 2026-08-12 23:00:28,004 log 22016 8384 "GET /products/girls-princess-dress/ HTTP/1.1" 200 27985
INFO 2026-08-12 23:00:38,153 log 22016 8384 "GET /products/girls-princess-dress/ HTTP/1.1" 200 27985
INFO 2026-08-12 23:00:56,286 log 22016 8384 "GET /products/girls-princess-dress/ HTTP/1.1" 200 27985
INFO 2026-08-12 23:01:39,822 log 22016 8384 "GET /account/ HTTP/1.1" 200 11488
INFO 2026-08-12 23:01:44,560 log 22016 8384 "GET /account/orders/ HTTP/1.1" 200 11123
INFO 2026-08-12 23:01:46,567 log 22016 8384 "GET /account/notifications/ HTTP/1.1" 200 11343
INFO 2026-08-12 23:01:47,924 log 22016 8384 "GET /account/addresses/ HTTP/1.1" 200 11026
INFO 2026-08-12 23:01:52,686 log 22016 8384 "GET /account/profile/ HTTP/1.1" 200 11591
INFO 2026-08-12 23:01:54,154 log 22016 8384 "GET /account/password-change/ HTTP/1.1" 200 11278
INFO 2026-08-12 23:02:00,930 log 22016 8384 "GET /account/ HTTP/1.1" 200 11488
INFO 2026-08-12 23:02:03,043 log 22016 8384 "GET /manage/ HTTP/1.1" 200 25080
INFO 2026-08-12 23:03:41,317 log 22016 8384 "GET /manage/ HTTP/1.1" 200 25080
INFO 2026-08-12 23:03:56,234 log 22016 8384 "GET /manage/coupons/ HTTP/1.1" 200 18280
INFO 2026-08-12 23:04:01,822 log 22016 8384 "GET /manage/payments/ HTTP/1.1" 200 19640
INFO 2026-08-12 23:04:08,881 log 22016 8384 "GET / HTTP/1.1" 200 78001
INFO 2026-08-12 23:04:22,697 log 22016 8384 "GET /products/ HTTP/1.1" 200 45950
INFO 2026-08-12 23:04:29,004 log 22016 8384 "GET /manage/ HTTP/1.1" 200 25080
INFO 2026-08-12 23:04:32,716 log 22016 8384 "GET /django-admin/ HTTP/1.1" 200 18071
INFO 2026-08-12 23:05:37,805 log 22016 8384 "GET /django-admin/store/mpesatransaction/ HTTP/1.1" 200 17575
INFO 2026-08-12 23:05:37,831 log 22016 8384 "GET /static/admin/css/changelists.css HTTP/1.1" 200 7498
INFO 2026-08-12 23:05:37,849 log 22016 21432 "GET /static/admin/js/jquery.init.js HTTP/1.1" 200 347
INFO 2026-08-12 23:05:37,851 log 22016 10188 "GET /static/admin/js/core.js HTTP/1.1" 200 6208
INFO 2026-08-12 23:05:37,856 log 22016 19024 "GET /django-admin/jsi18n/ HTTP/1.1" 200 3342
INFO 2026-08-12 23:05:37,857 log 22016 26852 "GET /static/admin/js/admin/RelatedObjectLookups.js HTTP/1.1" 200 9777
INFO 2026-08-12 23:05:37,858 log 22016 8384 "GET /static/admin/js/actions.js HTTP/1.1" 200 8077
INFO 2026-08-12 23:05:37,862 log 22016 21432 "GET /static/admin/js/prepopulate.js HTTP/1.1" 200 1531
INFO 2026-08-12 23:05:37,867 log 22016 10188 "GET /static/admin/js/urlify.js HTTP/1.1" 200 7887
INFO 2026-08-12 23:05:37,873 log 22016 11432 "GET /static/admin/js/vendor/jquery/jquery.js HTTP/1.1" 200 285314
INFO 2026-08-12 23:05:37,873 log 22016 19024 "GET /static/admin/img/search.svg HTTP/1.1" 200 607
INFO 2026-08-12 23:05:37,880 log 22016 8384 "GET /static/admin/js/vendor/xregexp/xregexp.js HTTP/1.1" 200 325171
INFO 2026-08-12 23:05:37,898 log 22016 8384 "GET /static/admin/js/filters.js HTTP/1.1" 200 978
INFO 2026-08-12 23:05:37,939 log 22016 19024 "GET /static/admin/img/icon-viewlink.svg HTTP/1.1" 200 928
INFO 2026-08-12 23:05:37,939 log 22016 8384 "GET /static/admin/img/tooltag-add.svg HTTP/1.1" 200 593
INFO 2026-08-12 23:05:49,533 log 22016 19024 "GET /django-admin/store/mpesatransaction/add/ HTTP/1.1" 200 26190
INFO 2026-08-12 23:05:49,559 log 22016 8384 "GET /static/admin/js/prepopulate_init.js HTTP/1.1" 200 586
INFO 2026-08-12 23:05:49,560 log 22016 19024 "GET /static/admin/css/forms.css HTTP/1.1" 200 8831
INFO 2026-08-12 23:05:49,572 log 22016 11432 "GET /django-admin/jsi18n/ HTTP/1.1" 200 3342
INFO 2026-08-12 23:05:49,578 log 22016 19024 "GET /static/admin/img/icon-deletelink.svg HTTP/1.1" 200 689
INFO 2026-08-12 23:05:49,579 log 22016 8384 "GET /static/admin/css/widgets.css HTTP/1.1" 200 11811
INFO 2026-08-12 23:05:49,585 log 22016 8384 "GET /static/admin/js/change_form.js HTTP/1.1" 200 606
INFO 2026-08-12 23:05:55,355 log 22016 8384 "GET /django-admin/store/ HTTP/1.1" 200 16329
INFO 2026-08-12 23:08:06,668 log 22016 8384 "GET /manage/payments/ HTTP/1.1" 200 19640
INFO 2026-08-12 23:08:10,699 log 22016 8384 "GET /manage/settings/ HTTP/1.1" 200 23609
INFO 2026-08-12 23:08:25,260 log 22016 8384 "GET /manage/ HTTP/1.1" 200 25080
INFO 2026-08-12 23:08:41,784 log 22016 8384 "GET / HTTP/1.1" 200 78001
INFO 2026-08-12 23:08:52,380 log 22016 8384 "GET /products/?category=accessories HTTP/1.1" 200 35014
INFO 2026-08-12 23:09:08,995 log 22016 8384 "GET /products/?q=&category=gowns&brand=&min_price=&max_price=&min_rating= HTTP/1.1" 200 13935
INFO 2026-08-12 23:09:20,896 log 22016 8384 "GET /products/ HTTP/1.1" 200 45950
INFO 2026-08-12 23:09:27,387 log 22016 8384 "GET /products/?category=accessories HTTP/1.1" 200 35014
INFO 2026-08-12 23:09:35,885 log 22016 8384 "GET /products/?category=mens-fashion HTTP/1.1" 200 35154
INFO 2026-08-12 23:10:28,491 log 22016 8384 "GET /products/oxford-button-down-shirt/ HTTP/1.1" 200 28144
INFO 2026-08-12 23:10:54,914 log 22016 8384 "GET /contact/ HTTP/1.1" 200 11103
INFO 2026-08-12 23:11:02,697 log 22016 8384 "GET / HTTP/1.1" 200 78001
INFO 2026-08-12 23:11:08,529 log 22016 8384 "GET /products/?sort=newest HTTP/1.1" 200 46010
INFO 2026-08-12 23:11:12,570 log 22016 8384 "GET /products/ HTTP/1.1" 200 45950
INFO 2026-08-12 23:11:15,200 log 22016 8384 "GET /wishlist/ HTTP/1.1" 200 10060
INFO 2026-08-12 23:11:23,749 log 22016 8384 "GET /django-admin/ HTTP/1.1" 200 18071
INFO 2026-08-12 23:11:36,932 log 22016 8384 "POST /account/logout/ HTTP/1.1" 302 0
INFO 2026-08-12 23:11:36,993 log 22016 8384 "GET / HTTP/1.1" 200 63290
INFO 2026-08-12 23:11:41,534 log 22016 8384 "GET /django-admin/ HTTP/1.1" 302 0
INFO 2026-08-12 23:11:41,569 log 22016 8384 "GET /django-admin/login/?next=/django-admin/ HTTP/1.1" 200 4119
INFO 2026-08-12 23:11:41,586 log 22016 8384 "GET /static/admin/css/login.css HTTP/1.1" 200 951
INFO 2026-08-12 23:11:58,830 log 22016 8384 "GET / HTTP/1.1" 200 63290
INFO 2026-08-12 23:12:00,887 log 22016 8384 "GET /products/?category=accessories HTTP/1.1" 200 29570
INFO 2026-08-12 23:20:37,178 log 22016 25872 "GET /manage/ HTTP/1.1" 302 0
INFO 2026-08-12 23:20:37,195 log 22016 25872 "GET /account/login/?next=/manage/ HTTP/1.1" 200 10136
INFO 2026-08-12 23:20:40,840 log 22016 25872 "GET /products/ HTTP/1.1" 200 38134
INFO 2026-08-12 23:20:48,534 log 22016 25872 "POST /cart/add/55/ HTTP/1.1" 302 0
INFO 2026-08-12 23:20:48,578 log 22016 25872 "GET /products/ HTTP/1.1" 200 38549
INFO 2026-08-12 23:20:50,800 log 22016 25872 "POST /cart/add/55/ HTTP/1.1" 302 0
INFO 2026-08-12 23:20:50,974 log 22016 25872 "GET /products/ HTTP/1.1" 200 38549
INFO 2026-08-12 23:20:54,929 log 22016 25872 "GET /cart/ HTTP/1.1" 200 11433
INFO 2026-08-12 23:20:59,193 log 22016 25872 "GET /checkout/ HTTP/1.1" 200 12983
INFO 2026-08-12 23:21:27,976 log 22016 25872 "GET /wishlist/ HTTP/1.1" 302 0
INFO 2026-08-12 23:21:27,995 log 22016 25872 "GET /account/login/?next=/wishlist/ HTTP/1.1" 200 10138
INFO 2026-08-12 23:21:32,498 log 22016 25872 "GET /cart/ HTTP/1.1" 200 11433
INFO 2026-08-12 23:21:36,723 log 22016 25872 "GET /products/ HTTP/1.1" 200 38134
INFO 2026-08-12 23:21:56,335 log 22016 25872 "POST /cart/add/56/ HTTP/1.1" 302 0
INFO 2026-08-12 23:21:56,371 log 22016 25872 "GET /products/ HTTP/1.1" 200 38553
INFO 2026-08-12 23:21:58,234 log 22016 25872 "GET /cart/ HTTP/1.1" 200 12728
INFO 2026-08-12 23:22:23,968 log 22016 25872 "GET / HTTP/1.1" 200 63290
INFO 2026-08-13 11:00:34,223 services 18972 19500 Restored 6 units of stock for cancelled/refunded order RB-260813-3EFF7F
INFO 2026-08-13 11:01:28,165 manage_views 18972 19500 Payment 1 approved manually for order RB-260813-95D7EE by admin
INFO 2026-08-13 11:01:37,506 manage_views 18972 19500 Payment 1 rejected for order RB-260813-D6A8A4 by admin
INFO 2026-08-13 11:01:46,713 manage_views 18972 19500 Order RB-260813-AE32F7 status changed to shipped by admin
WARNING 2026-08-13 11:02:27,684 views 18972 19500 M-Pesa callback amount mismatch for order RB-260813-D0EBE6: got 1 expected 2150.00
INFO 2026-08-13 11:02:30,087 views 18972 19500 M-Pesa payment failed for req-1: The service request is processed successfully.
INFO 2026-08-13 11:02:32,598 views 18972 19500 M-Pesa payment failed for req-1: The service request is processed successfully.
INFO 2026-08-13 11:02:35,246 views 18972 19500 M-Pesa payment confirmed for req-1 receipt PJX123ABC amount 2150.00
ERROR 2026-08-13 11:03:09,291 manage_views 18972 19500 SMTP test failed for who@example.com: connection refused
INFO 2026-08-13 11:03:17,917 manage_views 18972 19500 SMTP test email sent to who@example.com via smtp.gmail.com
INFO 2026-08-13 11:03:29,426 emails 18972 19500 Email sent to jane@example.com: Password reset for Reeves Boutique
INFO 2026-08-13 11:03:37,713 emails 18972 19500 Email not sent (Password reset for Reeves Boutique) because SMTP is disabled in settings.
INFO 2026-08-13 11:03:39,748 emails 18972 19500 Email sent to jane@example.com: Password reset for Reeves Boutique
INFO 2026-08-13 11:03:49,030 emails 18972 19500 Email sent to jane@example.com: Password reset for Reeves Boutique
INFO 2026-08-13 11:03:49,190 services 18972 19500 Restored 2 units of stock for cancelled/refunded order RB-260813-B3F468
ERROR 2026-08-13 11:03:49,527 views 18972 19500 Error handling M-Pesa callback
Traceback (most recent call last):
  File "C:\Users\ADMIN\OneDrive\Desktop\e-comerce\store\views.py", line 600, in mpesa_callback
    data = json.loads(request.body)
  File "C:\Users\ADMIN\AppData\Local\Programs\Python\Python314\Lib\json\__init__.py", line 352, in loads
    return _default_decoder.decode(s)
           ~~~~~~~~~~~~~~~~~~~~~~~^^^
  File "C:\Users\ADMIN\AppData\Local\Programs\Python\Python314\Lib\json\decoder.py", line 345, in decode
    obj, end = self.raw_decode(s, idx=_w(s, 0).end())
               ~~~~~~~~~~~~~~~^^^^^^^^^^^^^^^^^^^^^^^
  File "C:\Users\ADMIN\AppData\Local\Programs\Python\Python314\Lib\json\decoder.py", line 363, in raw_decode
    raise JSONDecodeError("Expecting value", s, err.value) from None
json.decoder.JSONDecodeError: Expecting value: line 1 column 1 (char 0)
INFO 2026-08-13 11:03:49,650 views 18972 19500 M-Pesa payment failed for req-1: processed
INFO 2026-08-13 11:03:49,664 services 18972 19500 Restored 2 units of stock for cancelled/refunded order RB-260813-310034
INFO 2026-08-13 11:03:49,678 emails 18972 19500 Email not sent (Payment failed for order RB-260813-310034) because SMTP is disabled in settings.
INFO 2026-08-13 11:03:49,902 views 18972 19500 M-Pesa payment confirmed for req-paid receipt PJXPAID1 amount 2150.00
INFO 2026-08-13 11:03:49,917 emails 18972 19500 Email not sent (Payment confirmed for order RB-260813-3C72D4) because SMTP is disabled in settings.
INFO 2026-08-13 11:03:50,117 views 18972 19500 M-Pesa payment confirmed for req-1 receipt PJX123ABC amount 2150.00
INFO 2026-08-13 11:03:50,127 emails 18972 19500 Email not sent (Payment confirmed for order RB-260813-659C63) because SMTP is disabled in settings.
WARNING 2026-08-13 11:03:50,290 views 18972 19500 M-Pesa callback for unknown CheckoutRequestID nope
INFO 2026-08-13 11:03:52,660 manage_views 18972 19500 Payment 1 approved manually for order RB-260813-060205 by admin
INFO 2026-08-13 11:03:52,671 emails 18972 19500 Email not sent (Payment confirmed for order RB-260813-060205) because SMTP is disabled in settings.
INFO 2026-08-13 11:03:55,431 services 18972 19500 Restored 2 units of stock for cancelled/refunded order RB-260813-58E16F
INFO 2026-08-13 11:03:55,434 manage_views 18972 19500 Payment 1 rejected for order RB-260813-58E16F by admin
INFO 2026-08-13 11:03:55,441 emails 18972 19500 Email not sent (Payment failed for order RB-260813-58E16F) because SMTP is disabled in settings.
INFO 2026-08-13 11:04:25,202 services 18972 19500 Restored 2 units of stock for cancelled/refunded order RB-260813-D80A62
INFO 2026-08-13 11:04:25,566 mpesa 18972 19500 STK push sent for order RB-260813-118515 (254712345678) checkout id ws_CO_123
INFO 2026-08-13 11:04:54,990 services 18972 19500 Inventory alert raised for Summer Dress (low) by admin
INFO 2026-08-13 11:05:00,465 views 18972 19500 User logged in: jane
INFO 2026-08-13 11:05:02,527 views 18972 19500 User logged in: jane
INFO 2026-08-13 11:05:04,486 views 18972 19500 User logged in: jane
INFO 2026-08-13 11:05:24,206 services 18972 19500 Restored 2 units of stock for cancelled/refunded order RB-260813-EF1D96
INFO 2026-08-13 11:05:52,095 views 18972 19500 User logged in: jane
INFO 2026-08-13 11:05:53,193 emails 18972 19500 Email not sent (Welcome to Reeves Boutique) because SMTP is disabled in settings.
INFO 2026-08-13 11:05:55,606 emails 18972 19500 Email not sent (Order RB-260813-211A1B received at Reeves Boutique) because SMTP is disabled in settings.
INFO 2026-08-13 11:05:56,029 emails 18972 19500 Email not sent (Order RB-260813-BC6FA7 received at Reeves Boutique) because SMTP is disabled in settings.
INFO 2026-08-13 11:06:10,958 services 18972 19500 Restored 2 units of stock for cancelled/refunded order RB-260813-684E15
INFO 2026-08-13 11:06:10,961 manage_views 18972 19500 Order RB-260813-684E15 status changed to cancelled by admin
WARNING 2026-08-13 11:06:13,660 views 18972 19500 M-Pesa callback amount mismatch for order RB-260813-7375F5: got 1 expected 2150.00
INFO 2026-08-13 11:06:13,798 views 18972 19500 M-Pesa payment confirmed for req-1 receipt PJX123ABC amount 2150.00
INFO 2026-08-13 11:06:13,807 views 18972 19500 M-Pesa callback already processed for req-1 (status completed)
INFO 2026-08-13 11:06:13,912 views 18972 19500 M-Pesa payment failed for req-1: The service request is processed successfully.
INFO 2026-08-13 11:06:14,036 views 18972 19500 M-Pesa payment failed for req-1: The service request is processed successfully.
INFO 2026-08-13 11:06:14,173 views 18972 19500 M-Pesa payment confirmed for req-1 receipt PJX123ABC amount 2150.00
INFO 2026-08-13 11:06:14,386 views 18972 19500 M-Pesa payment confirmed for req-1 receipt PJX123ABC amount 2150.00
INFO 2026-08-13 11:06:53,674 services 18972 19500 Inventory alert raised for Elegant Gown (low) by admin2
INFO 2026-08-13 11:06:58,876 emails 18972 19500 Email not sent (We received your message) because SMTP is disabled in settings.
INFO 2026-08-13 11:08:05,467 autoreload 17108 20784 Watching for file changes with StatReloader
INFO 2026-08-13 11:08:22,573 log 17108 17760 "GET / HTTP/1.1" 200 63290
INFO 2026-08-13 11:08:22,645 log 17108 21964 "GET /static/store.js HTTP/1.1" 304 0
INFO 2026-08-13 11:08:22,927 log 17108 17760 "GET /static/store.css HTTP/1.1" 200 65537
WARNING 2026-08-13 11:08:23,237 log 17108 17760 "GET /favicon.ico HTTP/1.1" 404 23413
INFO 2026-08-13 11:08:28,484 log 17108 17760 "GET /products/ HTTP/1.1" 200 35367
INFO 2026-08-13 11:08:36,721 log 17108 17760 "GET /products/test/ HTTP/1.1" 200 14976
INFO 2026-08-13 11:08:43,690 log 17108 17760 "GET /products/ HTTP/1.1" 200 35367
INFO 2026-08-13 11:08:49,935 log 17108 17760 "GET /django-admin/ HTTP/1.1" 302 0
INFO 2026-08-13 11:08:49,987 log 17108 17760 "GET /django-admin/login/?next=/django-admin/ HTTP/1.1" 200 4119
INFO 2026-08-13 11:08:55,629 log 17108 17760 "GET /cart/ HTTP/1.1" 200 12728
INFO 2026-08-13 11:09:05,441 log 17108 17760 "GET /products/ HTTP/1.1" 200 35367
INFO 2026-08-13 11:09:07,520 log 17108 17760 "GET /cart/ HTTP/1.1" 200 12728
INFO 2026-08-13 11:09:12,142 log 17108 17760 "GET /checkout/ HTTP/1.1" 200 13089
INFO 2026-08-13 11:09:17,261 log 17108 17760 "POST /cart/remove/55/ HTTP/1.1" 302 0
INFO 2026-08-13 11:09:17,295 log 17108 17760 "GET /cart/ HTTP/1.1" 200 11939
INFO 2026-08-13 11:09:18,587 log 17108 17760 "POST /cart/remove/56/ HTTP/1.1" 302 0
INFO 2026-08-13 11:09:18,609 log 17108 17760 "GET /cart/ HTTP/1.1" 200 10085
INFO 2026-08-13 11:09:22,208 log 17108 17760 "GET /account/register/ HTTP/1.1" 200 10814
INFO 2026-08-13 11:10:05,686 log 17108 17760 "POST /account/register/ HTTP/1.1" 200 11193
INFO 2026-08-13 11:10:05,705 log 17108 17760 "GET /static/store.css HTTP/1.1" 304 0
INFO 2026-08-13 11:10:45,102 log 17108 17760 "POST /account/register/ HTTP/1.1" 200 11028
ERROR 2026-08-13 11:11:21,105 emails 17108 17760 Email failed to example@gmail.com (Welcome to Reeves Boutique): (530, b'5.7.0 Authentication Required. For more information, go to\n5.7.0  https://support.google.com/accounts/troubleshooter/2402620. ffacd0b85a97d-4815a5c2308sm4329390f8f.33 - gsmtp', 'noreply@store.com')
INFO 2026-08-13 11:11:21,116 log 17108 17760 "POST /account/register/ HTTP/1.1" 302 0
INFO 2026-08-13 11:11:21,179 log 17108 17760 "GET /account/ HTTP/1.1" 200 11827
INFO 2026-08-13 11:11:21,217 log 17108 17760 "GET /static/store.css HTTP/1.1" 304 0
INFO 2026-08-13 11:11:33,121 log 17108 18852 "GET /account/orders/ HTTP/1.1" 200 11038
INFO 2026-08-13 11:12:19,267 log 17108 22784 "GET /account/notifications/ HTTP/1.1" 200 11656
INFO 2026-08-13 11:12:25,735 log 17108 22784 "POST /account/notifications/clear/ HTTP/1.1" 302 0
INFO 2026-08-13 11:12:25,782 log 17108 22784 "GET /account/notifications/ HTTP/1.1" 200 11997
INFO 2026-08-13 11:12:32,316 log 17108 22784 "GET /account/orders/ HTTP/1.1" 200 10970
INFO 2026-08-13 11:12:33,769 log 17108 22784 "GET /account/ HTTP/1.1" 200 11334
INFO 2026-08-13 11:12:35,207 log 17108 22784 "GET /account/orders/ HTTP/1.1" 200 10970
INFO 2026-08-13 11:12:37,200 log 17108 22784 "GET /account/notifications/ HTTP/1.1" 200 11581
INFO 2026-08-13 11:12:39,527 log 17108 22784 "GET /account/addresses/ HTTP/1.1" 200 10873
INFO 2026-08-13 11:12:41,812 log 17108 22784 "GET /account/profile/ HTTP/1.1" 200 11459
INFO 2026-08-13 11:12:44,192 log 17108 22784 "GET /account/ HTTP/1.1" 200 11334
INFO 2026-08-13 11:12:48,916 log 17108 22784 "POST /account/logout/ HTTP/1.1" 302 0
INFO 2026-08-13 11:12:48,985 log 17108 22784 "GET / HTTP/1.1" 200 63290
INFO 2026-08-13 11:12:49,019 log 17108 22784 "GET /static/store.css HTTP/1.1" 304 0
INFO 2026-08-13 11:12:53,594 log 17108 22784 "GET /account/login/ HTTP/1.1" 200 10122
INFO 2026-08-13 11:12:56,811 views 17108 22784 User logged in: jonnie
INFO 2026-08-13 11:12:56,832 log 17108 22784 "POST /account/login/ HTTP/1.1" 302 0
INFO 2026-08-13 11:12:56,922 log 17108 22784 "GET /account/ HTTP/1.1" 200 11488
INFO 2026-08-13 11:13:06,308 log 17108 22784 "GET /manage/ HTTP/1.1" 200 26030
INFO 2026-08-13 11:13:10,158 log 17108 22784 "GET /manage/settings/ HTTP/1.1" 200 24100
INFO 2026-08-13 11:13:27,873 log 17108 22784 "GET / HTTP/1.1" 200 78001
INFO 2026-08-13 11:13:32,258 log 17108 22784 "GET /manage/ HTTP/1.1" 200 26032
INFO 2026-08-13 11:13:38,155 log 17108 22784 "GET /django-admin/ HTTP/1.1" 200 18071
INFO 2026-08-13 11:19:11,826 log 17108 7800 "GET /manage/settings/email/ HTTP/1.1" 200 21999
INFO 2026-08-13 11:19:11,844 log 17108 7800 "GET /static/store.css HTTP/1.1" 304 0
INFO 2026-08-13 11:19:21,912 log 17108 7800 "GET /manage/settings/ HTTP/1.1" 200 24100
INFO 2026-08-13 11:19:29,442 log 17108 7800 "GET /django-admin/ HTTP/1.1" 200 18071
INFO 2026-08-13 11:19:36,299 log 17108 7800 "GET /manage/settings/payments/ HTTP/1.1" 200 21621
INFO 2026-08-13 11:19:54,238 log 17108 7800 "GET /manage/orders/ HTTP/1.1" 200 19804
INFO 2026-08-13 11:19:56,027 log 17108 7800 "GET /manage/ HTTP/1.1" 200 26030
INFO 2026-08-13 11:20:03,661 log 17108 7800 "GET /manage/products/ HTTP/1.1" 200 68518
INFO 2026-08-13 11:20:08,503 log 17108 7800 "POST /manage/products/58/delete/ HTTP/1.1" 302 0
INFO 2026-08-13 11:20:08,583 log 17108 7800 "GET /manage/products/ HTTP/1.1" 200 69045
INFO 2026-08-13 11:20:21,915 log 17108 7800 "GET /products/skirt/ HTTP/1.1" 200 28053
INFO 2026-08-13 11:20:22,023 log 17108 7800 "GET /media/products/prog.jpg HTTP/1.1" 200 152239
INFO 2026-08-13 11:20:35,817 log 17108 7800 "POST /manage/products/57/delete/ HTTP/1.1" 302 0
INFO 2026-08-13 11:20:35,924 log 17108 7800 "GET /manage/products/ HTTP/1.1" 200 69127
INFO 2026-08-13 11:20:41,509 log 17108 7800 "POST /manage/products/46/delete/ HTTP/1.1" 302 0
INFO 2026-08-13 11:20:41,623 log 17108 7800 "GET /manage/products/ HTTP/1.1" 200 69143
INFO 2026-08-13 11:20:52,957 log 17108 7800 "POST /manage/products/54/delete/ HTTP/1.1" 302 0
INFO 2026-08-13 11:20:53,075 log 17108 7800 "GET /manage/products/ HTTP/1.1" 200 69121
INFO 2026-08-13 11:24:35,763 log 17108 7800 "GET /manage/settings/email/ HTTP/1.1" 200 22000
INFO 2026-08-13 11:24:35,787 log 17108 7800 "GET /static/store.css HTTP/1.1" 304 0
INFO 2026-08-13 11:25:44,202 log 17108 7800 "POST /manage/settings/email/ HTTP/1.1" 302 0
INFO 2026-08-13 11:25:44,246 log 17108 7800 "GET /manage/settings/email/ HTTP/1.1" 200 22445
INFO 2026-08-13 11:25:51,921 log 17108 7800 "POST /manage/settings/email/ HTTP/1.1" 302 0
INFO 2026-08-13 11:25:51,973 log 17108 7800 "GET /manage/settings/email/ HTTP/1.1" 200 22446
ERROR 2026-08-13 11:26:23,420 manage_views 17108 7800 SMTP test failed for moendon970@gmail.com: (530, b'5.7.0 Authentication Required. For more information, go to\n5.7.0  https://support.google.com/accounts/troubleshooter/2402620. ffacd0b85a97d-4815a569325sm4567044f8f.14 - gsmtp', 'marandojohn76@gmail.com')
INFO 2026-08-13 11:26:23,431 log 17108 7800 "POST /manage/settings/email/test/ HTTP/1.1" 302 0
INFO 2026-08-13 11:26:23,479 log 17108 7800 "GET /manage/settings/email/ HTTP/1.1" 200 22674
ERROR 2026-08-13 11:26:36,404 manage_views 17108 7800 SMTP test failed for marandojohn76@gmail.com: (530, b'5.7.0 Authentication Required. For more information, go to\n5.7.0  https://support.google.com/accounts/troubleshooter/2402620. ffacd0b85a97d-4815a569c1fsm4248417f8f.15 - gsmtp', 'marandojohn76@gmail.com')
INFO 2026-08-13 11:26:36,411 log 17108 7800 "POST /manage/settings/email/test/ HTTP/1.1" 302 0
INFO 2026-08-13 11:26:36,455 log 17108 7800 "GET /manage/settings/email/ HTTP/1.1" 200 22674
ERROR 2026-08-13 11:26:48,244 manage_views 17108 7800 SMTP test failed for marandojohn76@gmail.com: (530, b'5.7.0 Authentication Required. For more information, go to\n5.7.0  https://support.google.com/accounts/troubleshooter/2402620. 5b1f17b1804b1-49981e3d3d9sm31769725e9.3 - gsmtp', 'marandojohn76@gmail.com')
INFO 2026-08-13 11:26:48,246 log 17108 7800 "POST /manage/settings/email/test/ HTTP/1.1" 302 0
INFO 2026-08-13 11:26:48,265 log 17108 7800 "GET /manage/settings/email/ HTTP/1.1" 200 22673
INFO 2026-08-13 11:27:07,497 log 17108 7800 "POST /manage/notifications/clear/ HTTP/1.1" 302 0
INFO 2026-08-13 11:27:07,571 log 17108 7800 "GET /manage/ HTTP/1.1" 200 25459
INFO 2026-08-13 11:27:41,748 log 17108 7800 "GET /manage/settings/email/ HTTP/1.1" 200 21066
INFO 2026-08-13 11:27:41,765 log 17108 7800 "GET /static/store.css HTTP/1.1" 304 0
INFO 2026-08-13 11:27:55,689 log 17108 7800 "POST /manage/settings/email/ HTTP/1.1" 302 0
INFO 2026-08-13 11:27:55,710 log 17108 7800 "GET /manage/settings/email/ HTTP/1.1" 200 21473
ERROR 2026-08-13 11:28:02,777 manage_views 17108 7800 SMTP test failed for marandojohn76@gmail.com: (530, b'5.7.0 Authentication Required. For more information, go to\n5.7.0  https://support.google.com/accounts/troubleshooter/2402620. 5b1f17b1804b1-4998216d082sm45325575e9.13 - gsmtp', 'marandojohn76@gmail.com')
INFO 2026-08-13 11:28:02,780 log 17108 7800 "POST /manage/settings/email/test/ HTTP/1.1" 302 0
INFO 2026-08-13 11:28:02,799 log 17108 7800 "GET /manage/settings/email/ HTTP/1.1" 200 21701
INFO 2026-08-13 11:31:42,003 autoreload 17720 20904 Watching for file changes with StatReloader
INFO 2026-08-13 11:35:42,304 log 17720 15792 "GET /manage/settings/email/ HTTP/1.1" 200 21066
INFO 2026-08-13 11:35:42,326 log 17720 15792 "GET /static/store.css HTTP/1.1" 304 0
INFO 2026-08-13 11:35:43,246 log 17720 15792 "GET /manage/settings/email/ HTTP/1.1" 200 21066
ERROR 2026-08-13 11:35:49,972 manage_views 17720 15792 SMTP test failed for marandojohn76@gmail.com: (530, b'5.7.0 Authentication Required. For more information, go to\n5.7.0  https://support.google.com/accounts/troubleshooter/2402620. ffacd0b85a97d-4815a4fa54asm4594353f8f.0 - gsmtp', 'marandojohn76@gmail.com')
INFO 2026-08-13 11:35:49,975 log 17720 15792 "POST /manage/settings/email/test/ HTTP/1.1" 302 0
INFO 2026-08-13 11:35:49,997 log 17720 15792 "GET /manage/settings/email/ HTTP/1.1" 200 21700
INFO 2026-08-13 11:36:11,278 log 17720 15792 "POST /manage/settings/email/ HTTP/1.1" 302 0
INFO 2026-08-13 11:36:11,305 log 17720 15792 "GET /manage/settings/email/ HTTP/1.1" 200 21473
ERROR 2026-08-13 11:36:22,088 manage_views 17720 15792 SMTP test failed for marandojohn76@gmail.com: (530, b'5.7.0 Authentication Required. For more information, go to\n5.7.0  https://support.google.com/accounts/troubleshooter/2402620. 5b1f17b1804b1-49981b5823fsm50695135e9.11 - gsmtp', 'marandojohn76@gmail.com')
INFO 2026-08-13 11:36:22,090 log 17720 15792 "POST /manage/settings/email/test/ HTTP/1.1" 302 0
INFO 2026-08-13 11:36:22,110 log 17720 15792 "GET /manage/settings/email/ HTTP/1.1" 200 21701
INFO 2026-08-13 11:36:44,908 log 17720 15792 "POST /manage/settings/email/ HTTP/1.1" 302 0
INFO 2026-08-13 11:36:44,939 log 17720 15792 "GET /manage/settings/email/ HTTP/1.1" 200 21473
INFO 2026-08-13 11:37:10,109 log 17720 15792 "GET /manage/products/ HTTP/1.1" 200 67714
INFO 2026-08-13 11:37:14,156 log 17720 15792 "GET /manage/ HTTP/1.1" 200 25043
INFO 2026-08-13 11:37:16,801 log 17720 15792 "GET /manage/products/ HTTP/1.1" 200 67714
INFO 2026-08-13 11:37:24,921 log 17720 15792 "POST /manage/products/48/delete/ HTTP/1.1" 302 0
INFO 2026-08-13 11:37:24,986 log 17720 15792 "GET /manage/products/ HTTP/1.1" 200 68131
INFO 2026-08-13 11:37:36,687 log 17720 15792 "POST /manage/products/45/delete/ HTTP/1.1" 302 0
INFO 2026-08-13 11:37:36,753 log 17720 15792 "GET /manage/products/ HTTP/1.1" 200 68127
INFO 2026-08-13 11:37:47,111 log 17720 15792 "GET /manage/products/add/ HTTP/1.1" 200 21410
INFO 2026-08-13 11:40:13,765 log 17720 15792 "POST /manage/products/add/ HTTP/1.1" 200 21640
INFO 2026-08-13 11:40:13,786 log 17720 15792 "GET /static/store.css HTTP/1.1" 304 0
INFO 2026-08-13 11:40:28,794 log 17720 15792 "POST /manage/products/add/ HTTP/1.1" 302 0
INFO 2026-08-13 11:40:28,848 log 17720 15792 "GET /manage/products/ HTTP/1.1" 200 68070
INFO 2026-08-13 11:40:40,366 log 17720 15792 "GET /manage/products/59/edit/ HTTP/1.1" 200 21860
INFO 2026-08-13 11:40:47,874 log 17720 15792 "POST /manage/products/59/edit/ HTTP/1.1" 302 0
INFO 2026-08-13 11:40:48,116 log 17720 15792 "GET /manage/products/ HTTP/1.1" 200 68021
INFO 2026-08-13 11:40:51,599 log 17720 15792 "GET /manage/products/ HTTP/1.1" 200 67618
INFO 2026-08-13 11:41:00,701 log 17720 15792 "GET /manage/orders/ HTTP/1.1" 200 18833
INFO 2026-08-13 11:41:05,220 log 17720 15792 "GET /manage/reviews/ HTTP/1.1" 200 17582
INFO 2026-08-13 11:41:06,818 log 17720 15792 "GET /manage/coupons/ HTTP/1.1" 200 17800
INFO 2026-08-13 11:42:01,436 log 17720 3512 "GET /manage/payments/ HTTP/1.1" 200 19160
INFO 2026-08-13 11:42:05,964 log 17720 3512 "GET /manage/settings/payments/ HTTP/1.1" 200 20650
INFO 2026-08-13 11:42:19,015 manage_views 17720 3512 M-Pesa connection test: FAILED: Consumer Key and Consumer Secret are required before the connection can be tested.
INFO 2026-08-13 11:42:19,017 log 17720 3512 "POST /manage/settings/payments/test/ HTTP/1.1" 302 0
INFO 2026-08-13 11:42:19,042 log 17720 3512 "GET /manage/settings/payments/ HTTP/1.1" 200 21117
INFO 2026-08-13 11:42:33,365 log 17720 3512 "GET /manage/settings/payments/ HTTP/1.1" 200 20650
INFO 2026-08-13 11:42:59,213 log 17720 3512 "GET /manage/coupons/ HTTP/1.1" 200 17800
INFO 2026-08-13 11:43:17,845 log 17720 3512 "GET /manage/customers/ HTTP/1.1" 200 18187
INFO 2026-08-13 11:43:32,900 log 17720 3512 "GET /manage/reviews/ HTTP/1.1" 200 17582
INFO 2026-08-13 11:43:40,894 log 17720 3512 "GET /manage/coupons/ HTTP/1.1" 200 17800
INFO 2026-08-13 11:43:41,720 log 17720 3512 "GET /manage/payments/ HTTP/1.1" 200 19160
INFO 2026-08-13 11:43:46,037 log 17720 3512 "GET /manage/settings/ HTTP/1.1" 200 23129
INFO 2026-08-13 11:43:47,911 log 17720 3512 "GET /manage/settings/email/ HTTP/1.1" 200 21066
INFO 2026-08-13 11:43:49,548 log 17720 3512 "GET /manage/settings/payments/ HTTP/1.1" 200 20650
INFO 2026-08-13 11:43:53,789 log 17720 3512 "GET /django-admin/ HTTP/1.1" 200 18071
INFO 2026-08-13 11:43:59,326 log 17720 3512 "GET /django-admin/store/coupon/ HTTP/1.1" 200 20448
INFO 2026-08-13 11:43:59,378 log 17720 3512 "GET /django-admin/jsi18n/ HTTP/1.1" 200 3342
INFO 2026-08-13 11:43:59,570 log 17720 12600 "GET /static/admin/img/icon-yes.svg HTTP/1.1" 200 558
INFO 2026-08-13 11:44:32,266 log 17720 12600 "GET / HTTP/1.1" 200 75289
INFO 2026-08-13 11:44:32,309 log 17720 12600 "GET /static/store.css HTTP/1.1" 304 0
INFO 2026-08-13 11:44:39,973 log 17720 12600 "GET /products/?category=accessories HTTP/1.1" 200 34951
INFO 2026-08-13 11:44:48,598 log 17720 12600 "GET /products/ HTTP/1.1" 200 43264
INFO 2026-08-13 11:45:10,989 log 17720 12600 "GET /products/ HTTP/1.1" 200 43264
INFO 2026-08-13 11:45:12,079 log 17720 12600 "GET /products/ HTTP/1.1" 200 43264
INFO 2026-08-13 11:45:14,846 log 17720 12600 "GET /contact/ HTTP/1.1" 200 11103
INFO 2026-08-13 11:45:16,291 log 17720 12600 "GET /account/notifications/ HTTP/1.1" 200 11343
INFO 2026-08-13 11:45:18,722 log 17720 12600 "GET /wishlist/ HTTP/1.1" 200 10060
INFO 2026-08-13 11:45:34,798 log 17720 12600 "GET /account/ HTTP/1.1" 200 11488
INFO 2026-08-13 11:45:38,262 log 17720 12600 "GET / HTTP/1.1" 200 75289
INFO 2026-08-13 11:45:39,083 log 17720 12600 "GET / HTTP/1.1" 200 75289
INFO 2026-08-13 11:45:52,798 log 17720 12600 "GET /products/?sort=newest HTTP/1.1" 200 43324
INFO 2026-08-13 11:45:59,829 log 17720 12600 "GET /products/?sort=newest&page=2 HTTP/1.1" 200 43418
INFO 2026-08-13 11:46:03,367 log 17720 12600 "GET /products/?sort=newest&page=3 HTTP/1.1" 200 43395
INFO 2026-08-13 11:47:20,036 log 17720 12600 "GET / HTTP/1.1" 200 75289
INFO 2026-08-13 11:47:24,726 log 17720 12600 "GET /manage/ HTTP/1.1" 200 25043
INFO 2026-08-13 11:47:36,518 log 17720 12600 "GET /manage/products/ HTTP/1.1" 200 67618
INFO 2026-08-13 11:48:00,745 log 17720 12600 "GET /products/laptop/ HTTP/1.1" 200 28136
INFO 2026-08-13 11:48:00,962 log 17720 12600 "GET /media/products/20260516_OHR.SmithRockPark_EN-US0425629050_UHD_bing.jpg HTTP/1.1" 200 3650378
INFO 2026-08-13 11:48:14,398 log 17720 12600 "GET /manage/ HTTP/1.1" 200 25043
INFO 2026-08-13 11:49:25,371 log 17720 12600 "GET / HTTP/1.1" 200 75289
INFO 2026-08-13 11:49:25,445 log 17720 12600 "GET /static/store.css HTTP/1.1" 304 0
INFO 2026-08-13 11:49:37,483 log 17720 12600 "GET /account/ HTTP/1.1" 200 11488
INFO 2026-08-13 11:49:39,791 log 17720 12600 "GET /manage/ HTTP/1.1" 200 25043
INFO 2026-08-13 11:49:48,340 log 17720 12600 "GET / HTTP/1.1" 200 75289
INFO 2026-08-13 11:49:51,311 log 17720 12600 "GET /manage/ HTTP/1.1" 200 25043
INFO 2026-08-13 11:50:01,238 log 17720 12600 "GET /manage/categories/ HTTP/1.1" 200 20656
INFO 2026-08-13 11:50:07,076 log 17720 12600 "GET /manage/categories/9/delete/ HTTP/1.1" 200 17441
INFO 2026-08-13 11:50:08,564 log 17720 12600 "POST /manage/categories/9/delete/ HTTP/1.1" 302 0
INFO 2026-08-13 11:50:08,597 log 17720 12600 "GET /manage/categories/ HTTP/1.1" 200 20693
INFO 2026-08-13 11:50:11,805 log 17720 12600 "GET /manage/inventory/ HTTP/1.1" 200 44648
INFO 2026-08-13 11:50:13,057 log 17720 12600 "GET /manage/inventory/history/ HTTP/1.1" 200 18622
INFO 2026-08-13 11:50:13,855 log 17720 12600 "GET /manage/orders/ HTTP/1.1" 200 18833
INFO 2026-08-13 11:50:14,750 log 17720 12600 "GET /manage/customers/ HTTP/1.1" 200 18187
INFO 2026-08-13 11:50:15,714 log 17720 12600 "GET /manage/customers/ HTTP/1.1" 200 18187
INFO 2026-08-13 11:50:16,420 log 17720 12600 "GET /manage/reviews/ HTTP/1.1" 200 17582
INFO 2026-08-13 11:50:17,203 log 17720 12600 "GET /manage/coupons/ HTTP/1.1" 200 17800
INFO 2026-08-13 11:50:17,799 log 17720 12600 "GET /manage/payments/ HTTP/1.1" 200 19160
INFO 2026-08-13 11:50:18,895 log 17720 12600 "GET /manage/ HTTP/1.1" 200 25043
INFO 2026-08-13 11:50:25,125 log 17720 12600 "GET / HTTP/1.1" 200 75321
INFO 2026-08-13 12:44:07,334 log 17720 23296 "GET /manage/settings/payments/ HTTP/1.1" 200 20659
INFO 2026-08-13 12:44:07,367 log 17720 23296 "GET /static/store.css HTTP/1.1" 304 0
WARNING 2026-08-13 12:44:07,505 log 17720 23296 "GET /favicon.ico HTTP/1.1" 404 23413
INFO 2026-08-13 12:44:54,696 log 17720 23296 "GET /manage/ HTTP/1.1" 200 25061
INFO 2026-08-13 12:44:54,714 log 17720 23296 "GET /static/store.css HTTP/1.1" 304 0
INFO 2026-08-13 12:44:57,806 log 17720 23296 "GET / HTTP/1.1" 200 75321
INFO 2026-08-13 12:45:10,064 log 17720 23296 "GET /products/elegant-evening-gown/ HTTP/1.1" 200 28203
INFO 2026-08-13 12:45:15,270 log 17720 23296 "GET / HTTP/1.1" 200 75321
INFO 2026-08-13 12:45:22,143 log 17720 23296 "GET /manage/ HTTP/1.1" 200 25061
INFO 2026-08-13 12:45:31,298 log 17720 23296 "GET /manage/products/ HTTP/1.1" 200 67598
INFO 2026-08-13 12:45:32,343 log 17720 23296 "GET /manage/categories/ HTTP/1.1" 200 20298
INFO 2026-08-13 12:45:34,833 log 17720 23296 "GET /manage/products/ HTTP/1.1" 200 67598
INFO 2026-08-13 12:45:41,717 log 17720 23296 "POST /manage/products/41/delete/ HTTP/1.1" 302 0
INFO 2026-08-13 12:45:41,864 log 17720 23296 "GET /manage/products/ HTTP/1.1" 200 68037
INFO 2026-08-13 12:45:47,667 log 17720 23296 "POST /manage/products/40/delete/ HTTP/1.1" 302 0
INFO 2026-08-13 12:45:47,781 log 17720 23296 "GET /manage/products/ HTTP/1.1" 200 68029
INFO 2026-08-13 12:45:52,754 log 17720 23296 "POST /manage/products/35/delete/ HTTP/1.1" 302 0
INFO 2026-08-13 12:45:52,905 log 17720 23296 "GET /manage/products/ HTTP/1.1" 200 68038
INFO 2026-08-13 12:45:59,243 log 17720 23296 "POST /manage/products/38/delete/ HTTP/1.1" 302 0
INFO 2026-08-13 12:45:59,356 log 17720 23296 "GET /manage/products/ HTTP/1.1" 200 68051
INFO 2026-08-13 12:46:04,563 log 17720 23296 "POST /manage/products/36/delete/ HTTP/1.1" 302 0
INFO 2026-08-13 12:46:04,703 log 17720 23296 "GET /manage/products/ HTTP/1.1" 200 68044
INFO 2026-08-13 12:46:09,585 log 17720 23296 "GET /manage/ HTTP/1.1" 200 25061
INFO 2026-08-13 12:46:13,525 log 17720 23296 "GET / HTTP/1.1" 200 75294
INFO 2026-08-13 12:46:20,781 log 17720 23296 "GET /manage/ HTTP/1.1" 200 25061
INFO 2026-08-13 12:46:24,174 log 17720 23296 "GET /manage/products/ HTTP/1.1" 200 67608
INFO 2026-08-13 12:46:27,382 log 17720 23296 "GET /manage/products/add/ HTTP/1.1" 200 21387
INFO 2026-08-13 12:47:03,959 log 17720 23296 "GET /manage/coupons/ HTTP/1.1" 200 17809
INFO 2026-08-13 12:47:08,055 log 17720 23296 "GET /manage/payments/ HTTP/1.1" 200 19169
INFO 2026-08-13 12:47:09,687 log 17720 23296 "GET /manage/notifications/ HTTP/1.1" 200 18640
INFO 2026-08-13 12:47:10,471 log 17720 23296 "GET /manage/categories/ HTTP/1.1" 200 20298
INFO 2026-08-13 12:47:11,193 log 17720 23296 "GET /manage/inventory/history/ HTTP/1.1" 200 18631
INFO 2026-08-13 12:47:12,718 log 17720 23296 "GET /manage/inventory/ HTTP/1.1" 200 44596
INFO 2026-08-13 12:47:13,449 log 17720 23296 "GET /manage/categories/ HTTP/1.1" 200 20298
INFO 2026-08-13 12:47:18,358 log 17720 23296 "GET /manage/categories/add/ HTTP/1.1" 200 17984
INFO 2026-08-13 12:47:47,288 log 17720 5748 "POST /manage/categories/add/ HTTP/1.1" 302 0
INFO 2026-08-13 12:47:47,339 log 17720 5748 "GET /manage/categories/ HTTP/1.1" 200 21119
INFO 2026-08-13 12:47:51,077 log 17720 5748 "GET /manage/ HTTP/1.1" 200 25061
INFO 2026-08-13 12:47:53,182 log 17720 5748 "GET / HTTP/1.1" 200 75294
INFO 2026-08-13 12:47:59,446 log 17720 5748 "GET /products/ HTTP/1.1" 200 43288
INFO 2026-08-13 12:48:17,630 log 17720 5748 "GET / HTTP/1.1" 200 75294
INFO 2026-08-13 12:48:35,265 log 17720 5748 "GET /search/suggestions/?q=e%3B HTTP/1.1" 200 15
INFO 2026-08-13 12:48:37,090 log 17720 5748 "GET /search/suggestions/?q=ele HTTP/1.1" 200 507
INFO 2026-08-13 12:48:37,768 log 17720 5748 "GET /search/suggestions/?q=elect HTTP/1.1" 200 15
INFO 2026-08-13 12:48:38,322 log 17720 5748 "GET /search/suggestions/?q=electo HTTP/1.1" 200 15
INFO 2026-08-13 12:48:43,687 log 17720 5748 "GET /products/?q=electo HTTP/1.1" 200 11130
INFO 2026-08-13 12:48:50,738 log 17720 5748 "GET /search/suggestions/?q=elect HTTP/1.1" 200 15
INFO 2026-08-13 12:48:51,964 log 17720 5748 "GET /search/suggestions/?q=electro HTTP/1.1" 200 15
INFO 2026-08-13 12:48:52,394 log 17720 5748 "GET /search/suggestions/?q=electroni HTTP/1.1" 200 15
INFO 2026-08-13 12:48:52,820 log 17720 5748 "GET /search/suggestions/?q=electronic HTTP/1.1" 200 15
INFO 2026-08-13 12:48:54,098 log 17720 5748 "GET /search/suggestions/?q=electronic HTTP/1.1" 200 15
INFO 2026-08-13 12:48:57,174 log 17720 5748 "GET /products/?q=electronic HTTP/1.1" 200 11150
INFO 2026-08-13 12:49:03,169 log 17720 5748 "GET /products/?q=electronic HTTP/1.1" 200 11150
INFO 2026-08-13 12:49:06,442 log 17720 5748 "GET / HTTP/1.1" 200 75294
INFO 2026-08-13 12:49:11,750 log 17720 5748 "GET /manage/ HTTP/1.1" 200 25061
INFO 2026-08-13 12:49:14,456 log 17720 5748 "GET /manage/categories/ HTTP/1.1" 200 20685
INFO 2026-08-13 12:49:27,418 log 17720 5748 "GET /manage/ HTTP/1.1" 200 25061
INFO 2026-08-13 12:49:30,536 log 17720 5748 "GET /manage/categories/ HTTP/1.1" 200 20685
INFO 2026-08-13 12:49:35,120 log 17720 5748 "GET /manage/ HTTP/1.1" 200 25061
INFO 2026-08-13 12:49:36,881 log 17720 5748 "GET / HTTP/1.1" 200 75294
INFO 2026-08-13 12:49:40,192 log 17720 5748 "GET /products/ HTTP/1.1" 200 43288
INFO 2026-08-13 12:49:46,861 log 17720 5748 "GET /products/?page=2 HTTP/1.1" 200 43310
INFO 2026-08-13 12:49:51,683 log 17720 5748 "GET /products/?page=3 HTTP/1.1" 200 43351
INFO 2026-08-13 12:49:57,048 log 17720 5748 "GET /products/?page=4 HTTP/1.1" 200 43498
INFO 2026-08-13 12:50:09,472 log 17720 5748 "GET /products/striped-cardigan/ HTTP/1.1" 200 28166
INFO 2026-08-13 12:50:15,130 log 17720 5748 "GET / HTTP/1.1" 200 75294
INFO 2026-08-13 12:50:31,509 log 17720 5748 "GET /manage/ HTTP/1.1" 200 25061
INFO 2026-08-13 12:50:36,442 log 17720 5748 "GET /manage/payments/ HTTP/1.1" 200 19169
INFO 2026-08-13 12:50:39,988 log 17720 5748 "GET /manage/ HTTP/1.1" 200 25061
INFO 2026-08-13 12:50:41,331 log 17720 5748 "GET / HTTP/1.1" 200 75294
INFO 2026-08-13 12:50:52,454 log 17720 5748 "GET /products/ HTTP/1.1" 200 43288
INFO 2026-08-13 12:50:55,818 log 17720 5748 "GET / HTTP/1.1" 200 75294
INFO 2026-08-13 12:51:03,661 log 17720 5748 "GET /products/ HTTP/1.1" 200 43288
INFO 2026-08-13 12:51:12,725 log 17720 5748 "GET /products/ HTTP/1.1" 200 43288
INFO 2026-08-13 12:52:10,925 log 17720 5748 "GET /manage/categories/ HTTP/1.1" 200 20685
INFO 2026-08-13 12:52:17,479 log 17720 5748 "GET /manage/categories/10/edit/ HTTP/1.1" 200 18295
INFO 2026-08-13 12:52:23,340 log 17720 5748 "POST /manage/categories/10/edit/ HTTP/1.1" 302 0
INFO 2026-08-13 12:52:23,377 log 17720 5748 "GET /manage/categories/ HTTP/1.1" 200 21119
INFO 2026-08-13 12:52:31,144 log 17720 5748 "GET / HTTP/1.1" 200 75294
INFO 2026-08-13 12:52:36,326 log 17720 5748 "GET / HTTP/1.1" 200 75294
INFO 2026-08-13 12:52:37,303 log 17720 5748 "GET / HTTP/1.1" 200 75294
INFO 2026-08-13 12:52:37,503 log 17720 5748 "GET / HTTP/1.1" 200 75294
INFO 2026-08-13 12:52:37,990 log 17720 5748 "GET / HTTP/1.1" 200 75294
INFO 2026-08-13 12:52:38,198 log 17720 5748 "GET / HTTP/1.1" 200 75294
INFO 2026-08-13 12:52:38,379 log 17720 5748 "GET / HTTP/1.1" 200 75294
INFO 2026-08-13 12:52:38,592 log 17720 5748 "GET / HTTP/1.1" 200 75294
INFO 2026-08-13 12:52:45,846 log 17720 5748 "GET /products/ HTTP/1.1" 200 43288
INFO 2026-08-13 12:52:51,580 log 17720 5748 "GET /account/notifications/ HTTP/1.1" 200 11375
INFO 2026-08-13 12:52:53,485 log 17720 5748 "GET /wishlist/ HTTP/1.1" 200 10092
INFO 2026-08-13 12:52:56,152 log 17720 5748 "GET /products/ HTTP/1.1" 200 43288
INFO 2026-08-13 12:52:58,746 log 17720 5748 "GET /wishlist/ HTTP/1.1" 200 10092
INFO 2026-08-13 12:53:02,037 log 17720 5748 "GET /wishlist/ HTTP/1.1" 200 10092
INFO 2026-08-13 12:53:04,881 log 17720 5748 "GET /account/ HTTP/1.1" 200 11520
INFO 2026-08-13 12:53:08,266 log 17720 5748 "GET /manage/ HTTP/1.1" 200 25061
INFO 2026-08-13 12:53:20,246 log 17720 5748 "POST /manage/notifications/clear/ HTTP/1.1" 302 0
INFO 2026-08-13 12:53:20,314 log 17720 5748 "GET /manage/ HTTP/1.1" 200 25477
INFO 2026-08-13 12:53:29,109 log 17720 5748 "GET /manage/settings/email/ HTTP/1.1" 200 21075
INFO 2026-08-13 12:53:48,136 log 17720 5748 "POST /manage/settings/email/ HTTP/1.1" 302 0
INFO 2026-08-13 12:53:48,177 log 17720 5748 "GET /manage/settings/email/ HTTP/1.1" 200 21482
ERROR 2026-08-13 12:54:00,753 manage_views 17720 5748 SMTP test failed for marandojohn76@gmail.com: (530, b'5.7.0 Authentication Required. For more information, go to\n5.7.0  https://support.google.com/accounts/troubleshooter/2402620. ffacd0b85a97d-4815a5613e2sm6700553f8f.6 - gsmtp', 'marandojohn76@gmail.com')
INFO 2026-08-13 12:54:00,755 log 17720 5748 "POST /manage/settings/email/test/ HTTP/1.1" 302 0
INFO 2026-08-13 12:54:00,776 log 17720 5748 "GET /manage/settings/email/ HTTP/1.1" 200 21709
INFO 2026-08-13 12:54:07,700 log 17720 5748 "GET /manage/settings/payments/ HTTP/1.1" 200 20659
INFO 2026-08-13 14:33:17,969 autoreload 2752 9876 Watching for file changes with StatReloader
INFO 2026-08-13 14:33:39,812 basehttp 2752 7668 "GET / HTTP/1.1" 200 75294
INFO 2026-08-13 14:33:39,892 basehttp 2752 7668 "GET /static/store.css HTTP/1.1" 304 0
WARNING 2026-08-13 14:33:40,356 basehttp 2752 7668 "GET /favicon.ico HTTP/1.1" 404 23413
INFO 2026-08-13 14:34:18,726 basehttp 2752 7668 "GET /manage/ HTTP/1.1" 200 25063
INFO 2026-08-13 14:34:21,375 basehttp 2752 7668 "GET /manage/products/ HTTP/1.1" 200 67674
INFO 2026-08-13 14:34:32,989 basehttp 2752 7668 "GET /manage/ HTTP/1.1" 200 25063
INFO 2026-08-13 14:34:36,885 basehttp 2752 7668 "GET / HTTP/1.1" 200 75294
INFO 2026-08-13 14:34:41,898 basehttp 2752 7668 "POST /cart/add/53/ HTTP/1.1" 302 0
INFO 2026-08-13 14:34:42,199 basehttp 2752 7668 "GET / HTTP/1.1" 200 75714
INFO 2026-08-13 14:34:44,932 basehttp 2752 7668 "GET /cart/ HTTP/1.1" 200 12265
INFO 2026-08-13 14:34:47,645 basehttp 2752 7668 "GET /checkout/ HTTP/1.1" 200 13749
INFO 2026-08-13 14:35:00,113 basehttp 2752 12152 "GET / HTTP/1.1" 200 75294
INFO 2026-08-13 14:35:28,703 basehttp 2752 4860 "GET /manage/ HTTP/1.1" 200 25063
INFO 2026-08-13 14:35:48,206 basehttp 2752 4860 "GET /manage/settings/payments/ HTTP/1.1" 200 20660
INFO 2026-08-13 14:36:02,587 basehttp 2752 4860 "GET /django-admin/ HTTP/1.1" 200 18147
INFO 2026-08-13 22:38:12,933 services 25544 4000 Restored 6 units of stock for cancelled/refunded order RB-260813-95B13D
INFO 2026-08-13 22:38:51,331 manage_views 25544 4000 Payment 1 approved manually for order RB-260813-63FDAA by admin
INFO 2026-08-13 22:38:54,280 manage_views 25544 4000 Payment 1 rejected for order RB-260813-08F220 by admin
INFO 2026-08-13 22:38:57,227 manage_views 25544 4000 Order RB-260813-7D6FD3 status changed to shipped by admin
WARNING 2026-08-13 22:39:30,355 views 25544 4000 M-Pesa callback amount mismatch for order RB-260813-63DF23: got 1 expected 2150.00
INFO 2026-08-13 22:39:32,480 views 25544 4000 M-Pesa payment failed for req-1: The service request is processed successfully.
INFO 2026-08-13 22:39:34,996 views 25544 4000 M-Pesa payment failed for req-1: The service request is processed successfully.
INFO 2026-08-13 22:39:38,845 views 25544 4000 M-Pesa payment confirmed for req-1 receipt PJX123ABC amount 2150.00
ERROR 2026-08-13 22:39:55,754 manage_views 25544 4000 SMTP test failed for who@example.com: connection refused
INFO 2026-08-13 22:40:00,653 manage_views 25544 4000 SMTP test email sent to who@example.com via smtp.gmail.com
INFO 2026-08-13 22:40:07,086 emails 25544 4000 Email sent to jane@example.com: Password reset for Reeves Boutique
INFO 2026-08-13 22:40:12,655 emails 25544 4000 Email not sent (Password reset for Reeves Boutique) because SMTP is disabled in settings.
INFO 2026-08-13 22:40:13,918 emails 25544 4000 Email sent to jane@example.com: Password reset for Reeves Boutique
INFO 2026-08-13 22:40:22,933 emails 25544 4000 Email sent to jane@example.com: Password reset for Reeves Boutique
INFO 2026-08-13 22:40:23,179 services 25544 4000 Restored 2 units of stock for cancelled/refunded order RB-260813-8EB5D7
ERROR 2026-08-13 22:40:23,423 views 25544 4000 Error handling M-Pesa callback
Traceback (most recent call last):
  File "C:\Users\ADMIN\OneDrive\Desktop\e-comerce\store\views.py", line 600, in mpesa_callback
    data = json.loads(request.body)
  File "C:\Users\ADMIN\AppData\Local\Programs\Python\Python314\Lib\json\__init__.py", line 352, in loads
    return _default_decoder.decode(s)
           ~~~~~~~~~~~~~~~~~~~~~~~^^^
  File "C:\Users\ADMIN\AppData\Local\Programs\Python\Python314\Lib\json\decoder.py", line 345, in decode
    obj, end = self.raw_decode(s, idx=_w(s, 0).end())
               ~~~~~~~~~~~~~~~^^^^^^^^^^^^^^^^^^^^^^^
  File "C:\Users\ADMIN\AppData\Local\Programs\Python\Python314\Lib\json\decoder.py", line 363, in raw_decode
    raise JSONDecodeError("Expecting value", s, err.value) from None
json.decoder.JSONDecodeError: Expecting value: line 1 column 1 (char 0)
INFO 2026-08-13 22:40:23,591 views 25544 4000 M-Pesa payment failed for req-1: processed
INFO 2026-08-13 22:40:23,607 services 25544 4000 Restored 2 units of stock for cancelled/refunded order RB-260813-5AE3B4
INFO 2026-08-13 22:40:23,616 emails 25544 4000 Email not sent (Payment failed for order RB-260813-5AE3B4) because SMTP is disabled in settings.
INFO 2026-08-13 22:40:23,839 views 25544 4000 M-Pesa payment confirmed for req-paid receipt PJXPAID1 amount 2150.00
INFO 2026-08-13 22:40:23,850 emails 25544 4000 Email not sent (Payment confirmed for order RB-260813-47441D) because SMTP is disabled in settings.
INFO 2026-08-13 22:40:24,018 views 25544 4000 M-Pesa payment confirmed for req-1 receipt PJX123ABC amount 2150.00
INFO 2026-08-13 22:40:24,030 emails 25544 4000 Email not sent (Payment confirmed for order RB-260813-F67003) because SMTP is disabled in settings.
WARNING 2026-08-13 22:40:24,180 views 25544 4000 M-Pesa callback for unknown CheckoutRequestID nope
INFO 2026-08-13 22:40:26,113 manage_views 25544 4000 Payment 1 approved manually for order RB-260813-FA7FBA by admin
INFO 2026-08-13 22:40:26,116 emails 25544 4000 Email not sent (Payment confirmed for order RB-260813-FA7FBA) because SMTP is disabled in settings.
INFO 2026-08-13 22:40:27,656 services 25544 4000 Restored 2 units of stock for cancelled/refunded order RB-260813-7FCE3E
INFO 2026-08-13 22:40:27,657 manage_views 25544 4000 Payment 1 rejected for order RB-260813-7FCE3E by admin
INFO 2026-08-13 22:40:27,660 emails 25544 4000 Email not sent (Payment failed for order RB-260813-7FCE3E) because SMTP is disabled in settings.
INFO 2026-08-13 22:40:43,086 services 25544 4000 Restored 2 units of stock for cancelled/refunded order RB-260813-26F0A6
INFO 2026-08-13 22:40:43,158 mpesa 25544 4000 STK push sent for order RB-260813-9E41E1 (254712345678) checkout id ws_CO_123
INFO 2026-08-13 22:41:04,150 services 25544 4000 Inventory alert raised for Summer Dress (low) by admin
INFO 2026-08-13 22:41:08,095 views 25544 4000 User logged in: jane
INFO 2026-08-13 22:41:09,923 views 25544 4000 User logged in: jane
INFO 2026-08-13 22:41:11,607 views 25544 4000 User logged in: jane
INFO 2026-08-13 22:41:45,115 services 25544 4000 Restored 2 units of stock for cancelled/refunded order RB-260813-89527D
INFO 2026-08-13 22:42:21,090 views 25544 4000 User logged in: jane
INFO 2026-08-13 22:42:22,085 emails 25544 4000 Email not sent (Welcome to Reeves Boutique) because SMTP is disabled in settings.
INFO 2026-08-13 22:42:24,255 emails 25544 4000 Email not sent (Order RB-260813-A7EAC2 received at Reeves Boutique) because SMTP is disabled in settings.
INFO 2026-08-13 22:42:24,519 emails 25544 4000 Email not sent (Order RB-260813-BDCAAE received at Reeves Boutique) because SMTP is disabled in settings.
INFO 2026-08-13 22:42:39,332 services 25544 4000 Restored 2 units of stock for cancelled/refunded order RB-260813-C97986
INFO 2026-08-13 22:42:39,333 manage_views 25544 4000 Order RB-260813-C97986 status changed to cancelled by admin
WARNING 2026-08-13 22:42:40,882 views 25544 4000 M-Pesa callback amount mismatch for order RB-260813-AFF800: got 1 expected 2150.00
INFO 2026-08-13 22:42:40,935 views 25544 4000 M-Pesa payment confirmed for req-1 receipt PJX123ABC amount 2150.00
INFO 2026-08-13 22:42:40,940 views 25544 4000 M-Pesa callback already processed for req-1 (status completed)
INFO 2026-08-13 22:42:40,990 views 25544 4000 M-Pesa payment failed for req-1: The service request is processed successfully.
INFO 2026-08-13 22:42:41,044 views 25544 4000 M-Pesa payment failed for req-1: The service request is processed successfully.
INFO 2026-08-13 22:42:41,109 views 25544 4000 M-Pesa payment confirmed for req-1 receipt PJX123ABC amount 2150.00
INFO 2026-08-13 22:42:41,161 views 25544 4000 M-Pesa payment confirmed for req-1 receipt PJX123ABC amount 2150.00
INFO 2026-08-13 22:43:03,527 services 25544 4000 Inventory alert raised for Elegant Gown (low) by admin2
INFO 2026-08-13 22:43:07,517 emails 25544 4000 Email not sent (We received your message) because SMTP is disabled in settings.
INFO 2026-08-13 22:59:42,260 services 9512 14564 Restored 6 units of stock for cancelled/refunded order RB-260813-B31647
INFO 2026-08-13 23:05:12,515 manage_views 9512 14564 Payment 1 approved manually for order RB-260813-2626DD by admin
INFO 2026-08-13 23:05:43,147 manage_views 9512 14564 Payment 1 rejected for order RB-260813-BACC48 by admin
INFO 2026-08-13 23:05:59,792 manage_views 9512 14564 Order RB-260813-C99685 status changed to shipped by admin
INFO 2026-08-13 23:10:34,374 services 17888 20052 Restored 2 units of stock for cancelled/refunded order RB-260813-C05151
INFO 2026-08-13 23:10:57,864 services 17888 20052 Restored 6 units of stock for cancelled/refunded order RB-260813-185B55
INFO 2026-08-13 23:11:53,347 services 17888 20052 Restored 2 units of stock for cancelled/refunded order RB-260813-47B358
ERROR 2026-08-13 23:11:53,663 views 17888 20052 Error handling M-Pesa callback
Traceback (most recent call last):
  File "C:\Users\ADMIN\OneDrive\Desktop\e-comerce\store\views.py", line 600, in mpesa_callback
    data = json.loads(request.body)
  File "C:\Users\ADMIN\AppData\Local\Programs\Python\Python314\Lib\json\__init__.py", line 352, in loads
    return _default_decoder.decode(s)
           ~~~~~~~~~~~~~~~~~~~~~~~^^^
  File "C:\Users\ADMIN\AppData\Local\Programs\Python\Python314\Lib\json\decoder.py", line 345, in decode
    obj, end = self.raw_decode(s, idx=_w(s, 0).end())
               ~~~~~~~~~~~~~~~^^^^^^^^^^^^^^^^^^^^^^^
  File "C:\Users\ADMIN\AppData\Local\Programs\Python\Python314\Lib\json\decoder.py", line 363, in raw_decode
    raise JSONDecodeError("Expecting value", s, err.value) from None
json.decoder.JSONDecodeError: Expecting value: line 1 column 1 (char 0)
INFO 2026-08-13 23:11:53,957 views 17888 20052 M-Pesa payment failed for req-1: processed
INFO 2026-08-13 23:11:54,002 services 17888 20052 Restored 2 units of stock for cancelled/refunded order RB-260813-F2C5D8
INFO 2026-08-13 23:11:54,016 emails 17888 20052 Email not sent (Payment failed for order RB-260813-F2C5D8) because SMTP is disabled in settings.
INFO 2026-08-13 23:11:54,368 views 17888 20052 M-Pesa payment confirmed for req-paid receipt PJXPAID1 amount 2150.00
INFO 2026-08-13 23:11:54,378 emails 17888 20052 Email not sent (Payment confirmed for order RB-260813-58C76E) because SMTP is disabled in settings.
INFO 2026-08-13 23:11:54,726 views 17888 20052 M-Pesa payment confirmed for req-1 receipt PJX123ABC amount 2150.00
INFO 2026-08-13 23:11:54,750 emails 17888 20052 Email not sent (Payment confirmed for order RB-260813-866A48) because SMTP is disabled in settings.
WARNING 2026-08-13 23:11:55,006 views 17888 20052 M-Pesa callback for unknown CheckoutRequestID nope
INFO 2026-08-13 23:12:01,358 manage_views 17888 20052 Payment 1 approved manually for order RB-260813-55CB60 by admin
INFO 2026-08-13 23:12:01,368 emails 17888 20052 Email not sent (Payment confirmed for order RB-260813-55CB60) because SMTP is disabled in settings.
INFO 2026-08-13 23:12:07,569 services 17888 20052 Restored 2 units of stock for cancelled/refunded order RB-260813-DAAC8E
INFO 2026-08-13 23:12:07,573 manage_views 17888 20052 Payment 1 rejected for order RB-260813-DAAC8E by admin
INFO 2026-08-13 23:12:07,579 emails 17888 20052 Email not sent (Payment failed for order RB-260813-DAAC8E) because SMTP is disabled in settings.
INFO 2026-08-13 23:12:58,675 services 17888 20052 Restored 2 units of stock for cancelled/refunded order RB-260813-EEDF6B
INFO 2026-08-13 23:12:58,856 mpesa 17888 20052 STK push sent for order RB-260813-280076 (254712345678) checkout id ws_CO_123
INFO 2026-08-13 23:14:43,122 services 900 1152 Restored 6 units of stock for cancelled/refunded order RB-260813-10B517
INFO 2026-08-13 23:16:05,478 manage_views 900 1152 Payment 1 approved manually for order RB-260813-AA5755 by admin
INFO 2026-08-13 23:16:17,654 manage_views 900 1152 Payment 1 rejected for order RB-260813-1655EE by admin
INFO 2026-08-13 23:16:29,092 manage_views 900 1152 Order RB-260813-B79197 status changed to shipped by admin
WARNING 2026-08-13 23:18:07,112 views 900 1152 M-Pesa callback amount mismatch for order RB-260813-5EF6FA: got 1 expected 2150.00
INFO 2026-08-13 23:18:11,586 views 900 1152 M-Pesa payment failed for req-1: The service request is processed successfully.
INFO 2026-08-13 23:18:16,705 views 900 1152 M-Pesa payment failed for req-1: The service request is processed successfully.
INFO 2026-08-13 23:18:24,532 views 900 1152 M-Pesa payment confirmed for req-1 receipt PJX123ABC amount 2150.00
ERROR 2026-08-13 23:19:11,781 manage_views 900 1152 SMTP test failed for who@example.com: connection refused
INFO 2026-08-13 23:19:23,871 manage_views 900 1152 SMTP test email sent to who@example.com via smtp.gmail.com
INFO 2026-08-13 23:19:41,418 emails 900 1152 Email sent to jane@example.com: Password reset for Reeves Boutique
INFO 2026-08-13 23:20:02,021 emails 900 1152 Email not sent (Password reset for Reeves Boutique) because SMTP is disabled in settings.
INFO 2026-08-13 23:20:05,755 emails 900 1152 Email sent to jane@example.com: Password reset for Reeves Boutique
INFO 2026-08-13 23:20:22,547 emails 900 1152 Email sent to jane@example.com: Password reset for Reeves Boutique
INFO 2026-08-13 23:20:22,815 services 900 1152 Restored 2 units of stock for cancelled/refunded order RB-260813-8E2F3E
ERROR 2026-08-13 23:20:23,041 views 900 1152 Error handling M-Pesa callback
Traceback (most recent call last):
  File "C:\Users\ADMIN\OneDrive\Desktop\e-comerce\store\views.py", line 600, in mpesa_callback
    data = json.loads(request.body)
  File "C:\Users\ADMIN\AppData\Local\Programs\Python\Python314\Lib\json\__init__.py", line 352, in loads
    return _default_decoder.decode(s)
           ~~~~~~~~~~~~~~~~~~~~~~~^^^
  File "C:\Users\ADMIN\AppData\Local\Programs\Python\Python314\Lib\json\decoder.py", line 345, in decode
    obj, end = self.raw_decode(s, idx=_w(s, 0).end())
               ~~~~~~~~~~~~~~~^^^^^^^^^^^^^^^^^^^^^^^
  File "C:\Users\ADMIN\AppData\Local\Programs\Python\Python314\Lib\json\decoder.py", line 363, in raw_decode
    raise JSONDecodeError("Expecting value", s, err.value) from None
json.decoder.JSONDecodeError: Expecting value: line 1 column 1 (char 0)
INFO 2026-08-13 23:20:23,290 views 900 1152 M-Pesa payment failed for req-1: processed
INFO 2026-08-13 23:20:23,317 services 900 1152 Restored 2 units of stock for cancelled/refunded order RB-260813-B47359
INFO 2026-08-13 23:20:23,330 emails 900 1152 Email not sent (Payment failed for order RB-260813-B47359) because SMTP is disabled in settings.
INFO 2026-08-13 23:20:23,718 views 900 1152 M-Pesa payment confirmed for req-paid receipt PJXPAID1 amount 2150.00
INFO 2026-08-13 23:20:23,753 emails 900 1152 Email not sent (Payment confirmed for order RB-260813-5D8419) because SMTP is disabled in settings.
INFO 2026-08-13 23:20:24,147 views 900 1152 M-Pesa payment confirmed for req-1 receipt PJX123ABC amount 2150.00
INFO 2026-08-13 23:20:24,178 emails 900 1152 Email not sent (Payment confirmed for order RB-260813-97D772) because SMTP is disabled in settings.
WARNING 2026-08-13 23:20:24,417 views 900 1152 M-Pesa callback for unknown CheckoutRequestID nope
INFO 2026-08-13 23:20:29,674 manage_views 900 1152 Payment 1 approved manually for order RB-260813-D37D1C by admin
INFO 2026-08-13 23:20:29,690 emails 900 1152 Email not sent (Payment confirmed for order RB-260813-D37D1C) because SMTP is disabled in settings.
INFO 2026-08-13 23:20:35,998 services 900 1152 Restored 2 units of stock for cancelled/refunded order RB-260813-3C997A
INFO 2026-08-13 23:20:36,001 manage_views 900 1152 Payment 1 rejected for order RB-260813-3C997A by admin
INFO 2026-08-13 23:20:36,024 emails 900 1152 Email not sent (Payment failed for order RB-260813-3C997A) because SMTP is disabled in settings.
INFO 2026-08-13 23:21:29,843 services 900 1152 Restored 2 units of stock for cancelled/refunded order RB-260813-764932
INFO 2026-08-13 23:21:30,097 mpesa 900 1152 STK push sent for order RB-260813-AA4F2F (254712345678) checkout id ws_CO_123
INFO 2026-08-13 23:22:34,756 services 900 1152 Inventory alert raised for Summer Dress (low) by admin
INFO 2026-08-13 23:22:51,029 views 900 1152 User logged in: jane
INFO 2026-08-13 23:22:57,403 views 900 1152 User logged in: jane
INFO 2026-08-13 23:23:03,789 views 900 1152 User logged in: jane
INFO 2026-08-13 23:23:54,528 services 900 1152 Restored 2 units of stock for cancelled/refunded order RB-260813-AA9BA1
INFO 2026-08-13 23:24:59,796 views 900 1152 User logged in: jane
INFO 2026-08-13 23:25:01,831 emails 900 1152 Email not sent (Welcome to Reeves Boutique) because SMTP is disabled in settings.
INFO 2026-08-13 23:25:08,492 emails 900 1152 Email not sent (Order RB-260813-350257 received at Reeves Boutique) because SMTP is disabled in settings.
INFO 2026-08-13 23:25:10,160 emails 900 1152 Email not sent (Order RB-260813-9F72C7 received at Reeves Boutique) because SMTP is disabled in settings.
INFO 2026-08-13 23:25:51,761 services 900 1152 Restored 2 units of stock for cancelled/refunded order RB-260813-72D788
INFO 2026-08-13 23:25:51,768 manage_views 900 1152 Order RB-260813-72D788 status changed to cancelled by admin
WARNING 2026-08-13 23:25:58,200 views 900 1152 M-Pesa callback amount mismatch for order RB-260813-159A48: got 1 expected 2150.00
INFO 2026-08-13 23:25:58,620 views 900 1152 M-Pesa payment confirmed for req-1 receipt PJX123ABC amount 2150.00
INFO 2026-08-13 23:25:58,662 views 900 1152 M-Pesa callback already processed for req-1 (status completed)
INFO 2026-08-13 23:25:58,870 views 900 1152 M-Pesa payment failed for req-1: The service request is processed successfully.
INFO 2026-08-13 23:25:59,104 views 900 1152 M-Pesa payment failed for req-1: The service request is processed successfully.
INFO 2026-08-13 23:25:59,307 views 900 1152 M-Pesa payment confirmed for req-1 receipt PJX123ABC amount 2150.00
INFO 2026-08-13 23:25:59,506 views 900 1152 M-Pesa payment confirmed for req-1 receipt PJX123ABC amount 2150.00
INFO 2026-08-13 23:27:22,285 emails 900 1152 Email not sent (We received your message) because SMTP is disabled in settings.
INFO 2026-08-13 23:28:26,209 services 16196 1816 Inventory alert raised for Elegant Gown (low) by admin2
INFO 2026-08-13 23:29:08,124 services 20536 19972 Restored 6 units of stock for cancelled/refunded order RB-260813-2EC8AC
INFO 2026-08-17 10:56:44,539 autoreload 19224 14212 Watching for file changes with StatReloader
INFO 2026-08-17 10:56:56,576 log 19224 6192 "GET / HTTP/1.1" 200 75294
INFO 2026-08-17 10:56:57,189 log 19224 20216 "GET /static/store.js HTTP/1.1" 200 14589
INFO 2026-08-17 10:56:57,274 log 19224 6192 "GET /static/store.css HTTP/1.1" 200 65537
WARNING 2026-08-17 10:56:57,764 log 19224 6192 "GET /favicon.ico HTTP/1.1" 404 23413
INFO 2026-08-17 10:57:05,920 log 19224 6192 "GET /manage/ HTTP/1.1" 200 25045
INFO 2026-08-22 11:17:24,801 autoreload 7012 2608 Watching for file changes with StatReloader
INFO 2026-08-22 11:18:01,977 autoreload 41048 58196 Watching for file changes with StatReloader
INFO 2026-08-22 11:18:13,031 log 41048 50104 "GET / HTTP/1.1" 200 75294
INFO 2026-08-22 11:18:13,498 log 41048 58472 "GET /static/store.js HTTP/1.1" 200 14589
INFO 2026-08-22 11:18:13,509 log 41048 50104 "GET /static/store.css HTTP/1.1" 200 65537
WARNING 2026-08-22 11:18:13,955 log 41048 50104 "GET /favicon.ico HTTP/1.1" 404 23413
INFO 2026-08-22 11:18:26,619 log 41048 50104 "GET /account/ HTTP/1.1" 200 11520
INFO 2026-08-22 11:18:29,266 log 41048 50104 "GET /account/notifications/ HTTP/1.1" 200 11375
INFO 2026-08-22 11:18:30,445 log 41048 50104 "GET /account/orders/ HTTP/1.1" 200 11155
INFO 2026-08-22 11:18:32,067 log 41048 50104 "GET /manage/ HTTP/1.1" 200 25021
INFO 2026-08-22 11:19:02,656 log 41048 50104 "GET /manage/inventory/ HTTP/1.1" 200 44572
INFO 2026-08-22 11:19:22,874 log 41048 50104 "GET /manage/payments/ HTTP/1.1" 200 19202
INFO 2026-08-22 11:19:26,450 log 41048 50104 "GET /manage/settings/email/ HTTP/1.1" 200 21055
INFO 2026-08-22 11:19:32,409 log 41048 50104 "GET / HTTP/1.1" 200 75294
INFO 2026-08-22 11:19:47,578 log 41048 50104 "GET /products/ HTTP/1.1" 200 43288
INFO 2026-08-22 11:19:50,780 log 41048 50104 "GET /contact/ HTTP/1.1" 200 11135
INFO 2026-08-22 11:19:53,858 log 41048 50104 "GET /contact/ HTTP/1.1" 200 11135
INFO 2026-08-22 11:19:57,124 basehttp 41048 50104 - Broken pipe from ('127.0.0.1', 50245)
INFO 2026-08-22 11:19:57,233 log 41048 58472 "GET /manage/ HTTP/1.1" 200 25021
INFO 2026-08-22 11:20:31,010 log 41048 58472 "POST /manage/notifications/clear/ HTTP/1.1" 302 0
INFO 2026-08-22 11:20:31,181 log 41048 58472 "GET /manage/ HTTP/1.1" 200 25437
INFO 2026-08-22 11:20:42,094 log 41048 58472 "GET /manage/products/add/ HTTP/1.1" 200 21889
INFO 2026-08-22 11:20:59,545 log 41048 58472 "GET /manage/customers/ HTTP/1.1" 200 18176
INFO 2026-08-22 11:21:03,144 log 41048 58472 "GET /manage/coupons/ HTTP/1.1" 200 17789
INFO 2026-08-22 11:21:06,900 log 41048 58472 "GET /manage/notifications/ HTTP/1.1" 200 18600
INFO 2026-08-22 11:21:07,941 log 41048 58472 "GET /manage/ HTTP/1.1" 200 25021
INFO 2026-08-22 11:21:15,795 log 41048 58472 "GET /manage/orders/ HTTP/1.1" 200 18822
INFO 2026-08-22 11:21:18,698 log 41048 58472 "GET /manage/customers/ HTTP/1.1" 200 18176
INFO 2026-08-22 11:21:21,250 log 41048 58472 "GET /manage/coupons/ HTTP/1.1" 200 17789
INFO 2026-08-22 11:21:25,959 log 41048 58472 "GET /django-admin/ HTTP/1.1" 200 18708
INFO 2026-08-22 11:21:26,140 log 41048 14532 "GET /static/admin/css/dark_mode.css HTTP/1.1" 200 3538
INFO 2026-08-22 11:21:26,140 log 41048 58472 "GET /static/admin/css/base.css HTTP/1.1" 200 23100
INFO 2026-08-22 11:21:26,160 log 41048 51036 "GET /static/admin/css/dashboard.css HTTP/1.1" 200 441
INFO 2026-08-22 11:21:26,167 log 41048 6792 "GET /static/admin/css/nav_sidebar.css HTTP/1.1" 200 2810
INFO 2026-08-22 11:21:26,181 log 41048 50820 "GET /static/admin/css/responsive.css HTTP/1.1" 200 16273
INFO 2026-08-22 11:21:26,182 log 41048 52304 "GET /static/admin/js/theme.js HTTP/1.1" 200 1653
INFO 2026-08-22 11:21:26,257 log 41048 6792 "GET /static/admin/img/icon-changelink.svg HTTP/1.1" 200 978
INFO 2026-08-22 11:21:26,258 log 41048 50820 "GET /static/admin/js/nav_sidebar.js HTTP/1.1" 200 3063
INFO 2026-08-22 11:21:26,272 log 41048 52304 "GET /static/admin/img/icon-addlink.svg HTTP/1.1" 200 593
INFO 2026-08-22 11:21:34,569 log 41048 52304 "GET /django-admin/store/wishlistitem/ HTTP/1.1" 200 17230
INFO 2026-08-22 11:21:34,627 log 41048 14532 "GET /static/admin/js/admin/RelatedObjectLookups.js HTTP/1.1" 200 9777
INFO 2026-08-22 11:21:34,630 log 41048 52304 "GET /static/admin/css/changelists.css HTTP/1.1" 200 7498
INFO 2026-08-22 11:21:34,640 log 41048 51036 "GET /static/admin/js/jquery.init.js HTTP/1.1" 200 347
INFO 2026-08-22 11:21:34,653 log 41048 58472 "GET /static/admin/js/core.js HTTP/1.1" 200 6208
INFO 2026-08-22 11:21:34,668 log 41048 6792 "GET /static/admin/js/vendor/jquery/jquery.js HTTP/1.1" 200 285314
INFO 2026-08-22 11:21:34,744 log 41048 14532 "GET /static/admin/js/actions.js HTTP/1.1" 200 8077
INFO 2026-08-22 11:21:34,776 log 41048 50820 "GET /django-admin/jsi18n/ HTTP/1.1" 200 3342
INFO 2026-08-22 11:21:34,777 log 41048 51036 "GET /static/admin/js/urlify.js HTTP/1.1" 200 7887
INFO 2026-08-22 11:21:34,780 log 41048 52304 "GET /static/admin/js/prepopulate.js HTTP/1.1" 200 1531
INFO 2026-08-22 11:21:34,841 log 41048 6792 "GET /static/admin/img/search.svg HTTP/1.1" 200 607
INFO 2026-08-22 11:21:34,899 log 41048 58472 "GET /static/admin/js/vendor/xregexp/xregexp.js HTTP/1.1" 200 325171
INFO 2026-08-22 11:21:34,986 log 41048 6792 "GET /static/admin/js/filters.js HTTP/1.1" 200 978
INFO 2026-08-22 11:21:34,999 log 41048 58472 "GET /static/admin/img/tooltag-add.svg HTTP/1.1" 200 593
INFO 2026-08-22 11:21:42,221 log 41048 58472 "GET /django-admin/ HTTP/1.1" 200 18708
INFO 2026-08-22 11:21:53,972 log 41048 58472 "GET /manage/reviews/ HTTP/1.1" 200 17571
INFO 2026-08-22 11:21:59,629 log 41048 58472 "GET /manage/reviews/?status=pending HTTP/1.1" 200 17594
INFO 2026-08-22 11:22:05,191 log 41048 58472 "GET /manage/categories/ HTTP/1.1" 200 20665
INFO 2026-08-22 11:22:10,528 log 41048 58472 "GET /manage/orders/ HTTP/1.1" 200 18822
INFO 2026-08-22 11:22:20,652 log 41048 58472 "GET /manage/settings/ HTTP/1.1" 200 23118
INFO 2026-08-22 11:22:54,116 log 41048 58472 "GET /manage/analytics/ HTTP/1.1" 200 22746
INFO 2026-08-22 11:22:56,686 log 41048 58472 "GET /manage/settings/ HTTP/1.1" 200 23118
INFO 2026-08-22 11:30:50,772 log 41048 56524 "GET /manage/coupons/ HTTP/1.1" 200 17789
INFO 2026-08-22 11:34:14,011 log 41048 57380 "GET /manage/coupons/ HTTP/1.1" 200 17789
INFO 2026-08-22 11:34:24,550 log 41048 57380 "GET /manage/coupons/ HTTP/1.1" 200 17789
INFO 2026-08-22 11:35:36,775 log 41048 57380 "GET /manage/coupons/ HTTP/1.1" 200 17789
INFO 2026-08-22 11:36:35,378 log 41048 57380 "GET /manage/coupons/ HTTP/1.1" 200 17789
INFO 2026-08-22 11:48:23,784 log 41048 58988 "GET /manage/payments/ HTTP/1.1" 200 19202
INFO 2026-08-22 11:48:29,242 log 41048 58988 "GET /manage/settings/ HTTP/1.1" 200 23118
INFO 2026-08-22 11:48:34,432 log 41048 58988 "GET /django-admin/ HTTP/1.1" 200 18708
INFO 2026-08-22 11:48:41,943 log 41048 58988 "GET /manage/settings/payments/ HTTP/1.1" 200 20639
INFO 2026-08-22 11:49:02,895 log 41048 58988 "GET /manage/ HTTP/1.1" 200 25021
INFO 2026-08-22 11:49:06,945 log 41048 58988 "GET /manage/products/ HTTP/1.1" 200 67653
INFO 2026-08-22 11:49:10,838 log 41048 58988 "GET /manage/products/add/ HTTP/1.1" 200 21889
INFO 2026-08-22 11:49:12,409 log 41048 58988 "GET /manage/products/ HTTP/1.1" 200 67653
INFO 2026-08-22 11:49:16,795 log 41048 58988 "GET /manage/ HTTP/1.1" 200 25021
INFO 2026-08-22 11:49:20,912 log 41048 58988 "GET /manage/settings/ HTTP/1.1" 200 23118
INFO 2026-08-22 11:56:06,268 log 41048 52116 "GET /manage/settings/email/ HTTP/1.1" 200 21055
INFO 2026-08-22 11:56:08,829 log 41048 52116 "GET /manage/analytics/ HTTP/1.1" 200 22746
INFO 2026-08-22 11:59:11,459 log 41048 52116 "GET /manage/ HTTP/1.1" 200 25021
INFO 2026-08-22 11:59:36,888 log 41048 52116 "GET /manage/settings/payments/ HTTP/1.1" 200 20639
INFO 2026-08-22 12:00:12,517 log 41048 52116 "GET / HTTP/1.1" 200 75294
INFO 2026-08-22 12:00:19,120 log 41048 52116 "POST /cart/add/53/ HTTP/1.1" 302 0
INFO 2026-08-22 12:00:19,307 log 41048 52116 "GET / HTTP/1.1" 200 75714
INFO 2026-08-22 12:00:23,864 log 41048 52116 "GET /cart/ HTTP/1.1" 200 12257
INFO 2026-08-22 12:00:28,008 log 41048 52116 "POST /cart/coupon/ HTTP/1.1" 302 0
INFO 2026-08-22 12:00:28,087 log 41048 52116 "GET /cart/ HTTP/1.1" 200 12660
INFO 2026-08-22 12:00:31,117 log 41048 52116 "GET /checkout/ HTTP/1.1" 200 13749
INFO 2026-08-22 12:06:57,661 log 41048 52280 "GET /manage/ HTTP/1.1" 200 25021
INFO 2026-08-22 12:12:32,754 log 41048 40316 "GET /manage/notifications/ HTTP/1.1" 200 18600
INFO 2026-08-22 12:12:34,250 log 41048 40316 "GET /manage/inventory/ HTTP/1.1" 200 44573
INFO 2026-08-22 12:12:37,182 log 41048 40316 "GET /manage/inventory/history/ HTTP/1.1" 200 18611
INFO 2026-08-22 12:12:39,669 log 41048 40316 "GET /manage/payments/ HTTP/1.1" 200 19202
INFO 2026-08-22 12:12:41,969 log 41048 40316 "GET /manage/ HTTP/1.1" 200 25021
INFO 2026-08-22 12:12:47,565 log 41048 40316 "GET /manage/ HTTP/1.1" 200 25021
INFO 2026-08-22 12:12:48,396 log 41048 40316 "GET /manage/notifications/ HTTP/1.1" 200 18600
INFO 2026-08-22 12:12:51,625 log 41048 40316 "GET /manage/products/ HTTP/1.1" 200 67653
INFO 2026-08-22 12:12:58,487 log 41048 40316 "GET /manage/inventory/ HTTP/1.1" 200 44573
INFO 2026-08-22 12:13:48,278 log 41048 40316 "GET /manage/customers/ HTTP/1.1" 200 18176
INFO 2026-08-22 12:13:49,046 log 41048 40316 "GET /manage/orders/ HTTP/1.1" 200 18822
INFO 2026-08-22 12:13:50,207 log 41048 40316 "GET /manage/notifications/ HTTP/1.1" 200 18600
INFO 2026-08-22 12:13:51,426 log 41048 40316 "GET /manage/ HTTP/1.1" 200 25021
INFO 2026-08-22 12:30:10,183 log 41048 61848 "GET /manage/categories/ HTTP/1.1" 200 20665
INFO 2026-08-22 14:01:14,184 log 41048 15904 "GET /cart/ HTTP/1.1" 200 12257
INFO 2026-08-22 14:01:20,454 log 41048 15904 "GET /manage/inventory/ HTTP/1.1" 200 44573
INFO 2026-08-22 14:01:21,424 log 41048 15904 "GET /manage/inventory/history/ HTTP/1.1" 200 18611
INFO 2026-08-22 14:01:21,757 log 41048 15904 "GET /manage/inventory/history/ HTTP/1.1" 200 18611
INFO 2026-08-22 14:01:27,922 log 41048 15904 "GET /manage/ HTTP/1.1" 200 25021
INFO 2026-08-22 14:01:39,051 log 41048 15904 "GET /manage/orders/ HTTP/1.1" 200 18822
INFO 2026-08-22 14:01:44,110 log 41048 15904 "GET /manage/orders/?q=&status=&payment= HTTP/1.1" 200 18850
INFO 2026-08-22 14:01:45,840 log 41048 49032 "GET /manage/orders/ HTTP/1.1" 200 18822
INFO 2026-08-22 14:01:50,776 log 41048 49032 "GET /account/ HTTP/1.1" 200 11520
INFO 2026-08-22 14:01:57,045 log 41048 49032 "GET /products/ HTTP/1.1" 200 43288
INFO 2026-08-22 14:02:04,566 log 41048 49032 "GET /products/?page=2 HTTP/1.1" 200 43310
INFO 2026-08-22 14:02:17,180 log 41048 49032 "GET /products/?page=3 HTTP/1.1" 200 43351
INFO 2026-08-22 14:02:25,543 log 41048 49032 "GET /products/?page=4 HTTP/1.1" 200 43498
INFO 2026-08-22 14:02:37,007 log 41048 49032 "GET /cart/ HTTP/1.1" 200 12257
INFO 2026-08-22 14:02:41,375 log 41048 49032 "POST /cart/remove/53/ HTTP/1.1" 302 0
INFO 2026-08-22 14:02:41,462 log 41048 49032 "GET /cart/ HTTP/1.1" 200 10817
INFO 2026-08-22 14:02:51,405 log 41048 49032 "GET / HTTP/1.1" 200 75294
INFO 2026-08-22 14:02:59,584 log 41048 49032 "GET /products/casual-t-shirt-dress/ HTTP/1.1" 200 28202
INFO 2026-08-22 14:03:15,540 log 41048 49032 "GET /products/?category=mens-fashion HTTP/1.1" 200 32467
INFO 2026-08-22 14:03:28,346 log 41048 49032 "GET /products/ HTTP/1.1" 200 43288
INFO 2026-08-22 14:03:32,463 log 41048 49032 "GET /account/ HTTP/1.1" 200 11520
INFO 2026-08-22 14:03:34,850 log 41048 49032 "GET /account/orders/ HTTP/1.1" 200 11155
INFO 2026-08-24 09:01:29,207 autoreload 8732 61652 Watching for file changes with StatReloader
INFO 2026-08-24 09:01:48,793 log 8732 3036 "GET / HTTP/1.1" 200 75294
INFO 2026-08-24 09:01:48,879 log 8732 3036 "GET /static/store.css HTTP/1.1" 304 0
INFO 2026-08-24 09:01:48,893 log 8732 12476 "GET /static/store.js HTTP/1.1" 304 0
WARNING 2026-08-24 09:01:49,531 log 8732 12476 "GET /favicon.ico HTTP/1.1" 404 23413
INFO 2026-08-24 09:31:46,999 log 8732 59008 "GET /products/ HTTP/1.1" 200 43288
INFO 2026-08-24 09:31:53,264 log 8732 59008 "GET /products/?page=2 HTTP/1.1" 200 43310
INFO 2026-08-24 09:32:02,002 log 8732 59008 "GET /products/?page=3 HTTP/1.1" 200 43351
INFO 2026-08-24 09:32:13,078 log 8732 59008 "GET /products/?page=4 HTTP/1.1" 200 43498
INFO 2026-08-24 09:32:48,468 log 8732 59008 "GET /account/ HTTP/1.1" 200 11520
INFO 2026-08-24 09:32:52,187 log 8732 59008 "GET /account/orders/ HTTP/1.1" 200 11155
INFO 2026-08-24 09:32:58,352 log 8732 59008 "GET /manage/ HTTP/1.1" 200 25039
INFO 2026-08-24 09:33:07,406 log 8732 59008 "GET /manage/settings/email/ HTTP/1.1" 200 21064
INFO 2026-08-24 09:33:13,062 log 8732 59008 "GET /manage/ HTTP/1.1" 200 25039
INFO 2026-08-24 09:33:20,431 log 8732 59008 "GET /manage/inventory/ HTTP/1.1" 200 44582
INFO 2026-08-24 09:37:38,311 log 8732 59008 "GET /manage/inventory/history/ HTTP/1.1" 200 18620
INFO 2026-08-24 09:37:39,377 log 8732 59008 "GET /manage/orders/ HTTP/1.1" 200 18831
INFO 2026-08-24 09:41:10,311 log 8732 59008 "GET /manage/customers/ HTTP/1.1" 200 18185
INFO 2026-08-24 09:41:11,022 log 8732 59008 "GET /manage/reviews/ HTTP/1.1" 200 17580
INFO 2026-08-24 09:41:14,844 log 8732 59008 "GET /manage/payments/ HTTP/1.1" 200 19211
INFO 2026-08-24 09:41:16,865 log 8732 59008 "GET /manage/products/ HTTP/1.1" 200 67662
INFO 2026-08-24 09:41:18,070 log 8732 59008 "GET /manage/notifications/ HTTP/1.1" 200 18618
INFO 2026-08-24 09:41:19,594 log 8732 59008 "GET /manage/ HTTP/1.1" 200 25039
INFO 2026-08-24 09:49:25,787 log 8732 56744 "GET /manage/products/ HTTP/1.1" 200 67662
INFO 2026-08-24 09:49:34,564 log 8732 56744 "POST /manage/products/59/delete/ HTTP/1.1" 302 0
INFO 2026-08-24 09:49:34,735 log 8732 56744 "GET /manage/products/ HTTP/1.1" 200 68147
INFO 2026-08-24 09:49:41,924 log 8732 56744 "GET /manage/products/?q=&category=&status=&stock=&sort=&page=2 HTTP/1.1" 200 68388
INFO 2026-08-24 09:49:47,015 log 8732 56744 "POST /manage/products/23/delete/ HTTP/1.1" 302 0
INFO 2026-08-24 09:49:47,204 log 8732 56744 "GET /manage/products/ HTTP/1.1" 200 68155
INFO 2026-08-24 09:49:51,092 log 8732 56744 "GET /manage/products/?q=&category=&status=&stock=&sort=&page=2 HTTP/1.1" 200 68464
INFO 2026-08-24 09:50:07,468 log 8732 56744 "GET /manage/products/?q=&category=&status=&stock=&sort=&page=3 HTTP/1.1" 200 37073
INFO 2026-08-24 09:50:25,404 log 8732 56744 "POST /manage/products/6/delete/ HTTP/1.1" 302 0
INFO 2026-08-24 09:50:25,566 log 8732 56744 "GET /manage/products/ HTTP/1.1" 200 68161
INFO 2026-08-24 09:50:30,909 log 8732 56744 "GET /manage/products/?q=&category=&status=&stock=&sort=&page=2 HTTP/1.1" 200 68464
INFO 2026-08-24 09:50:50,698 log 8732 56744 "POST /manage/products/15/delete/ HTTP/1.1" 302 0
INFO 2026-08-24 09:50:50,977 log 8732 56744 "GET /manage/products/ HTTP/1.1" 200 68154
INFO 2026-08-24 09:50:58,946 log 8732 56744 "GET /manage/products/?q=&category=&status=&stock=&sort=&page=2 HTTP/1.1" 200 68527
INFO 2026-08-24 09:51:20,752 log 8732 56744 "GET /manage/notifications/ HTTP/1.1" 200 18618
INFO 2026-08-24 10:16:42,429 services 55704 54292 Restored 6 units of stock for cancelled/refunded order RB-260824-B1BC4B
INFO 2026-08-24 10:17:36,692 manage_views 55704 54292 Payment 1 approved manually for order RB-260824-5EA729 by admin
INFO 2026-08-24 10:17:46,662 manage_views 55704 54292 Payment 1 rejected for order RB-260824-D29A93 by admin
INFO 2026-08-24 10:17:58,132 manage_views 55704 54292 Order RB-260824-7FCF7E status changed to shipped by admin
INFO 2026-08-24 10:19:00,089 autoreload 1848 1660 Watching for file changes with StatReloader
INFO 2026-08-24 10:19:20,115 log 1848 48416 "GET / HTTP/1.1" 200 75288
INFO 2026-08-24 10:19:30,878 log 1848 48416 "GET /products/?category=beauty HTTP/1.1" 200 21568
INFO 2026-08-24 10:19:35,117 log 1848 48416 "GET /products/ HTTP/1.1" 200 43329
INFO 2026-08-24 10:19:37,072 log 1848 48416 "GET /products/kids-winter-boots/ HTTP/1.1" 200 27991
INFO 2026-08-24 10:19:38,710 log 1848 48416 "GET / HTTP/1.1" 200 75288
INFO 2026-08-24 10:19:45,650 log 1848 48416 "GET /account/ HTTP/1.1" 200 11520
INFO 2026-08-24 10:19:49,607 log 1848 48416 "GET /account/ HTTP/1.1" 200 11520
INFO 2026-08-24 10:20:41,815 log 1848 48416 "GET /account/orders/ HTTP/1.1" 200 11155
INFO 2026-08-24 10:20:46,860 log 1848 48416 "GET /account/notifications/ HTTP/1.1" 200 11375
INFO 2026-08-25 09:31:22,441 services 12280 44036 Restored 6 units of stock for cancelled/refunded order RB-260825-CE94AC
INFO 2026-08-25 09:32:18,144 manage_views 12280 44036 Payment 1 approved manually for order RB-260825-296AEF by admin
INFO 2026-08-25 09:32:36,082 manage_views 12280 44036 Payment 1 rejected for order RB-260825-62A07C by admin
INFO 2026-08-25 09:32:54,600 manage_views 12280 44036 Order RB-260825-74B0FF status changed to shipped by admin
WARNING 2026-08-25 09:34:18,684 views 12280 44036 M-Pesa callback amount mismatch for order RB-260825-2B4678: got 1 expected 2150.00
INFO 2026-08-25 09:34:21,709 views 12280 44036 M-Pesa payment failed for req-1: The service request is processed successfully.
INFO 2026-08-25 09:34:26,706 views 12280 44036 M-Pesa payment failed for req-1: The service request is processed successfully.
INFO 2026-08-25 09:34:31,675 views 12280 44036 M-Pesa payment confirmed for req-1 receipt PJX123ABC amount 2150.00
ERROR 2026-08-25 09:34:56,927 manage_views 12280 44036 SMTP test failed for who@example.com: connection refused
INFO 2026-08-25 09:35:05,234 manage_views 12280 44036 SMTP test email sent to who@example.com via smtp.gmail.com
INFO 2026-08-25 09:35:28,822 emails 12280 44036 Email sent to jane@example.com: Password reset for Reeves Boutique
INFO 2026-08-25 09:35:51,096 emails 12280 44036 Email not sent (Password reset for Reeves Boutique) because SMTP is disabled in settings.
INFO 2026-08-25 09:35:55,919 emails 12280 44036 Email sent to jane@example.com: Password reset for Reeves Boutique
INFO 2026-08-25 09:38:36,352 views 63460 10404 User logged in: jane
INFO 2026-08-25 09:38:38,111 emails 63460 10404 Email not sent (Welcome to Reeves Boutique) because SMTP is disabled in settings.
INFO 2026-08-25 09:38:41,417 emails 63460 10404 Email not sent (Order RB-260825-AEA3F0 received at Reeves Boutique) because SMTP is disabled in settings.
INFO 2026-08-25 09:38:41,909 emails 63460 10404 Email not sent (Order RB-260825-9815EF received at Reeves Boutique) because SMTP is disabled in settings.
INFO 2026-08-25 09:39:01,405 services 63460 10404 Restored 2 units of stock for cancelled/refunded order RB-260825-118593
INFO 2026-08-25 09:39:01,409 manage_views 63460 10404 Order RB-260825-118593 status changed to cancelled by admin
WARNING 2026-08-25 09:39:05,156 views 63460 10404 M-Pesa callback amount mismatch for order RB-260825-0D470A: got 1 expected 2150.00
INFO 2026-08-25 09:39:05,321 views 63460 10404 M-Pesa payment confirmed for req-1 receipt PJX123ABC amount 2150.00
INFO 2026-08-25 09:39:05,337 views 63460 10404 M-Pesa callback already processed for req-1 (status completed)
INFO 2026-08-25 09:39:05,481 views 63460 10404 M-Pesa payment failed for req-1: The service request is processed successfully.
INFO 2026-08-25 09:39:05,629 views 63460 10404 M-Pesa payment failed for req-1: The service request is processed successfully.
INFO 2026-08-25 09:39:05,760 views 63460 10404 M-Pesa payment confirmed for req-1 receipt PJX123ABC amount 2150.00
INFO 2026-08-25 09:39:05,900 views 63460 10404 M-Pesa payment confirmed for req-1 receipt PJX123ABC amount 2150.00
INFO 2026-08-25 09:40:09,758 emails 63460 10404 Email not sent (We received your message) because SMTP is disabled in settings.
INFO 2026-08-25 09:40:20,988 services 64764 18708 Restored 2 units of stock for cancelled/refunded order RB-260825-C16E90
INFO 2026-08-25 09:40:58,194 views 43972 50728 User logged in: jane
INFO 2026-08-25 09:41:00,709 emails 43972 50728 Email not sent (Welcome to Reeves Boutique) because SMTP is disabled in settings.
INFO 2026-08-25 09:41:05,696 emails 43972 50728 Email not sent (Order RB-260825-4B81EC received at Reeves Boutique) because SMTP is disabled in settings.
INFO 2026-08-25 09:41:07,656 emails 43972 50728 Email not sent (Order RB-260825-BCE01C received at Reeves Boutique) because SMTP is disabled in settings.
INFO 2026-08-25 09:41:43,081 services 43972 50728 Restored 2 units of stock for cancelled/refunded order RB-260825-098CE1
INFO 2026-08-25 09:41:43,084 manage_views 43972 50728 Order RB-260825-098CE1 status changed to cancelled by admin
WARNING 2026-08-25 09:41:48,475 views 43972 50728 M-Pesa callback amount mismatch for order RB-260825-FC178C: got 1 expected 2150.00
INFO 2026-08-25 09:41:48,655 views 43972 50728 M-Pesa payment confirmed for req-1 receipt PJX123ABC amount 2150.00
INFO 2026-08-25 09:41:48,668 views 43972 50728 M-Pesa callback already processed for req-1 (status completed)
INFO 2026-08-25 09:41:48,808 views 43972 50728 M-Pesa payment failed for req-1: The service request is processed successfully.
INFO 2026-08-25 09:41:48,998 views 43972 50728 M-Pesa payment failed for req-1: The service request is processed successfully.
INFO 2026-08-25 09:41:49,192 views 43972 50728 M-Pesa payment confirmed for req-1 receipt PJX123ABC amount 2150.00
INFO 2026-08-25 09:41:49,349 views 43972 50728 M-Pesa payment confirmed for req-1 receipt PJX123ABC amount 2150.00
INFO 2026-08-25 09:43:02,227 emails 43972 50728 Email not sent (We received your message) because SMTP is disabled in settings.
WARNING 2026-08-25 10:08:07,742 pos 61800 62416 POS M-Pesa start failed for RB-260825-B5755A: Daraja down
INFO 2026-08-25 10:09:10,119 pos_views 61800 62416 POS shift 1 closed by cashier1
ERROR 2026-08-25 10:13:36,180 log 8828 41792 Internal Server Error: /manage/orders/RB-260825-9F4E2B/return/
Traceback (most recent call last):
  File "C:\Users\ADMIN\AppData\Local\Programs\Python\Python314\Lib\site-packages\django\core\handlers\exception.py", line 55, in inner
    response = get_response(request)
  File "C:\Users\ADMIN\AppData\Local\Programs\Python\Python314\Lib\site-packages\django\core\handlers\base.py", line 198, in _get_response
    response = wrapped_callback(request, *callback_args, **callback_kwargs)
  File "C:\Users\ADMIN\AppData\Local\Programs\Python\Python314\Lib\site-packages\django\contrib\auth\decorators.py", line 59, in _view_wrapper
    return view_func(request, *args, **kwargs)
  File "C:\Users\ADMIN\OneDrive\Desktop\e-comerce\store\decorators.py", line 50, in _wrapped
    return view_func(request, *args, **kwargs)
  File "C:\Users\ADMIN\OneDrive\Desktop\e-comerce\store\manage_views.py", line 663, in order_return_item
    services.process_return(order, item, quantity, reason=reason,
    ~~~~~~~~~~~~~~~~~~~~~~~^^^^^^^^^^^^^^^^^^^^^^^^^^^^^^^^^^^^^^
                            restock=restock, user=request.user)
                            ^^^^^^^^^^^^^^^^^^^^^^^^^^^^^^^^^^^
  File "C:\Users\ADMIN\AppData\Local\Programs\Python\Python314\Lib\contextlib.py", line 85, in inner
    return func(*args, **kwds)
  File "C:\Users\ADMIN\OneDrive\Desktop\e-comerce\store\services.py", line 498, in process_return
    already = item.returns.aggregate(q=models.Sum('quantity'))['q'] or 0
                                       ^^^^^^
NameError: name 'models' is not defined
ERROR 2026-08-25 10:13:41,572 log 8828 41792 Internal Server Error: /manage/orders/RB-260825-10FA8C/return/
Traceback (most recent call last):
  File "C:\Users\ADMIN\AppData\Local\Programs\Python\Python314\Lib\site-packages\django\core\handlers\exception.py", line 55, in inner
    response = get_response(request)
  File "C:\Users\ADMIN\AppData\Local\Programs\Python\Python314\Lib\site-packages\django\core\handlers\base.py", line 198, in _get_response
    response = wrapped_callback(request, *callback_args, **callback_kwargs)
  File "C:\Users\ADMIN\AppData\Local\Programs\Python\Python314\Lib\site-packages\django\contrib\auth\decorators.py", line 59, in _view_wrapper
    return view_func(request, *args, **kwargs)
  File "C:\Users\ADMIN\OneDrive\Desktop\e-comerce\store\decorators.py", line 50, in _wrapped
    return view_func(request, *args, **kwargs)
  File "C:\Users\ADMIN\OneDrive\Desktop\e-comerce\store\manage_views.py", line 663, in order_return_item
    services.process_return(order, item, quantity, reason=reason,
    ~~~~~~~~~~~~~~~~~~~~~~~^^^^^^^^^^^^^^^^^^^^^^^^^^^^^^^^^^^^^^
                            restock=restock, user=request.user)
                            ^^^^^^^^^^^^^^^^^^^^^^^^^^^^^^^^^^^
  File "C:\Users\ADMIN\AppData\Local\Programs\Python\Python314\Lib\contextlib.py", line 85, in inner
    return func(*args, **kwds)
  File "C:\Users\ADMIN\OneDrive\Desktop\e-comerce\store\services.py", line 498, in process_return
    already = item.returns.aggregate(q=models.Sum('quantity'))['q'] or 0
                                       ^^^^^^
NameError: name 'models' is not defined
INFO 2026-08-25 10:14:57,180 manage_views 7004 60760 Return on RB-260825-4A72EA: Returnable x 1 by ret-mgr
INFO 2026-08-25 10:15:11,189 manage_views 7004 60760 Return on RB-260825-6C62B7: Returnable x 1 by ret-mgr
WARNING 2026-08-25 10:16:49,206 pos 64304 64896 POS M-Pesa start failed for RB-260825-480A06: Daraja down
INFO 2026-08-25 10:17:32,625 pos_views 64304 64896 POS shift 1 closed by cashier1
INFO 2026-08-25 10:17:43,763 manage_views 64304 64896 Return on RB-260825-B855E8: Returnable x 1 by ret-mgr
INFO 2026-08-25 10:18:01,066 manage_views 64304 64896 Return on RB-260825-A05071: Returnable x 1 by ret-mgr
INFO 2026-08-25 10:20:23,743 views 57492 52812 User logged in: jane
INFO 2026-08-25 10:20:26,939 emails 57492 52812 Email not sent (Welcome to Reeves Boutique) because SMTP is disabled in settings.
INFO 2026-08-25 10:20:33,528 emails 57492 52812 Email not sent (Order RB-260825-B23964 received at Reeves Boutique) because SMTP is disabled in settings.
INFO 2026-08-25 10:20:34,573 emails 57492 52812 Email not sent (Order RB-260825-66BC6A received at Reeves Boutique) because SMTP is disabled in settings.
INFO 2026-08-25 10:21:12,670 services 57492 52812 Restored 2 units of stock for cancelled/refunded order RB-260825-F3E831
INFO 2026-08-25 10:21:12,678 manage_views 57492 52812 Order RB-260825-F3E831 status changed to cancelled by admin
WARNING 2026-08-25 10:21:31,718 views 57492 52812 M-Pesa callback amount mismatch for order RB-260825-6708D9: got 1 expected 2150.00
INFO 2026-08-25 10:21:32,119 views 57492 52812 M-Pesa payment confirmed for req-1 receipt PJX123ABC amount 2150.00
INFO 2026-08-25 10:21:32,142 views 57492 52812 M-Pesa callback already processed for req-1 (status completed)
INFO 2026-08-25 10:21:32,393 views 57492 52812 M-Pesa payment failed for req-1: The service request is processed successfully.
INFO 2026-08-25 10:21:32,991 views 57492 52812 M-Pesa payment failed for req-1: The service request is processed successfully.
INFO 2026-08-25 10:21:33,362 views 57492 52812 M-Pesa payment confirmed for req-1 receipt PJX123ABC amount 2150.00
INFO 2026-08-25 10:21:33,690 views 57492 52812 M-Pesa payment confirmed for req-1 receipt PJX123ABC amount 2150.00
INFO 2026-08-25 10:23:27,646 services 57492 52812 Inventory alert raised for Elegant Gown (low) by admin2
INFO 2026-08-25 10:23:45,800 emails 57492 52812 Email not sent (We received your message) because SMTP is disabled in settings.
INFO 2026-08-25 10:23:47,251 services 57492 52812 Restored 2 units of stock for cancelled/refunded order RB-260825-4C6FE6
INFO 2026-08-25 10:24:46,874 services 1456 63232 Restored 6 units of stock for cancelled/refunded order RB-260825-976D7A
INFO 2026-08-25 10:25:37,967 services 1456 63232 Restored 2 units of stock for cancelled/refunded order RB-260825-E16E40
ERROR 2026-08-25 10:25:38,275 views 1456 63232 Error handling M-Pesa callback
Traceback (most recent call last):
  File "C:\Users\ADMIN\OneDrive\Desktop\e-comerce\store\views.py", line 600, in mpesa_callback
    data = json.loads(request.body)
  File "C:\Users\ADMIN\AppData\Local\Programs\Python\Python314\Lib\json\__init__.py", line 352, in loads
    return _default_decoder.decode(s)
           ~~~~~~~~~~~~~~~~~~~~~~~^^^
  File "C:\Users\ADMIN\AppData\Local\Programs\Python\Python314\Lib\json\decoder.py", line 345, in decode
    obj, end = self.raw_decode(s, idx=_w(s, 0).end())
               ~~~~~~~~~~~~~~~^^^^^^^^^^^^^^^^^^^^^^^
  File "C:\Users\ADMIN\AppData\Local\Programs\Python\Python314\Lib\json\decoder.py", line 363, in raw_decode
    raise JSONDecodeError("Expecting value", s, err.value) from None
json.decoder.JSONDecodeError: Expecting value: line 1 column 1 (char 0)
INFO 2026-08-25 10:25:38,687 views 1456 63232 M-Pesa payment failed for req-1: processed
INFO 2026-08-25 10:25:38,714 services 1456 63232 Restored 2 units of stock for cancelled/refunded order RB-260825-AC5D38
INFO 2026-08-25 10:25:38,728 emails 1456 63232 Email not sent (Payment failed for order RB-260825-AC5D38) because SMTP is disabled in settings.
INFO 2026-08-25 10:25:39,147 views 1456 63232 M-Pesa payment confirmed for req-paid receipt PJXPAID1 amount 2150.00
INFO 2026-08-25 10:25:39,164 emails 1456 63232 Email not sent (Payment confirmed for order RB-260825-C09FE0) because SMTP is disabled in settings.
INFO 2026-08-25 10:25:39,495 views 1456 63232 M-Pesa payment confirmed for req-1 receipt PJX123ABC amount 2150.00
INFO 2026-08-25 10:25:39,523 emails 1456 63232 Email not sent (Payment confirmed for order RB-260825-8BE69F) because SMTP is disabled in settings.
WARNING 2026-08-25 10:25:39,811 views 1456 63232 M-Pesa callback for unknown CheckoutRequestID nope
INFO 2026-08-25 10:25:47,659 manage_views 1456 63232 Payment 1 approved manually for order RB-260825-627F7E by admin
INFO 2026-08-25 10:25:47,678 emails 1456 63232 Email not sent (Payment confirmed for order RB-260825-627F7E) because SMTP is disabled in settings.
INFO 2026-08-25 10:25:52,989 services 1456 63232 Restored 2 units of stock for cancelled/refunded order RB-260825-4AFAF4
INFO 2026-08-25 10:25:52,995 manage_views 1456 63232 Payment 1 rejected for order RB-260825-4AFAF4 by admin
INFO 2026-08-25 10:25:53,012 emails 1456 63232 Email not sent (Payment failed for order RB-260825-4AFAF4) because SMTP is disabled in settings.
INFO 2026-08-25 10:26:41,605 services 1456 63232 Restored 2 units of stock for cancelled/refunded order RB-260825-102C8D
INFO 2026-08-25 10:26:41,797 mpesa 1456 63232 STK push sent for order RB-260825-DB4386 (254712345678) checkout id ws_CO_123
INFO 2026-08-25 10:28:03,936 services 64016 63068 Inventory alert raised for Summer Dress (low) by admin
INFO 2026-08-25 10:28:19,385 views 64016 63068 User logged in: jane
INFO 2026-08-25 10:28:24,740 views 64016 63068 User logged in: jane
INFO 2026-08-25 10:28:31,104 views 64016 63068 User logged in: jane
INFO 2026-08-25 10:30:12,643 manage_views 64016 63068 Payment 1 approved manually for order RB-260825-B579D1 by admin
INFO 2026-08-25 10:30:22,260 manage_views 64016 63068 Payment 1 rejected for order RB-260825-39273A by admin
INFO 2026-08-25 10:30:31,779 manage_views 64016 63068 Order RB-260825-EA928C status changed to shipped by admin
WARNING 2026-08-25 10:31:43,969 views 64016 63068 M-Pesa callback amount mismatch for order RB-260825-7DD4DB: got 1 expected 2150.00
INFO 2026-08-25 10:31:49,041 views 64016 63068 M-Pesa payment failed for req-1: The service request is processed successfully.
INFO 2026-08-25 10:31:53,913 views 64016 63068 M-Pesa payment failed for req-1: The service request is processed successfully.
INFO 2026-08-25 10:31:58,787 views 64016 63068 M-Pesa payment confirmed for req-1 receipt PJX123ABC amount 2150.00
ERROR 2026-08-25 10:33:35,476 manage_views 11940 57424 SMTP test failed for who@example.com: connection refused
INFO 2026-08-25 10:33:44,775 manage_views 11940 57424 SMTP test email sent to who@example.com via smtp.gmail.com
INFO 2026-08-25 10:33:56,445 emails 11940 57424 Email sent to jane@example.com: Password reset for Reeves Boutique
INFO 2026-08-25 10:34:09,608 emails 11940 57424 Email not sent (Password reset for Reeves Boutique) because SMTP is disabled in settings.
INFO 2026-08-25 10:34:12,010 emails 11940 57424 Email sent to jane@example.com: Password reset for Reeves Boutique
INFO 2026-08-25 10:34:25,558 emails 11940 57424 Email sent to jane@example.com: Password reset for Reeves Boutique
ERROR 2026-08-25 10:40:16,532 log 58044 45436 Invalid HTTP_HOST header: 'testserver'. You may need to add 'testserver' to ALLOWED_HOSTS.
Traceback (most recent call last):
  File "C:\Users\ADMIN\AppData\Local\Programs\Python\Python314\Lib\site-packages\django\core\handlers\exception.py", line 55, in inner
    response = get_response(request)
  File "C:\Users\ADMIN\AppData\Local\Programs\Python\Python314\Lib\site-packages\django\utils\deprecation.py", line 308, in __call__
    response = self.process_request(request)
  File "C:\Users\ADMIN\AppData\Local\Programs\Python\Python314\Lib\site-packages\django\middleware\common.py", line 48, in process_request
    host = request.get_host()
  File "C:\Users\ADMIN\AppData\Local\Programs\Python\Python314\Lib\site-packages\django\http\request.py", line 206, in get_host
    raise DisallowedHost(msg)
django.core.exceptions.DisallowedHost: Invalid HTTP_HOST header: 'testserver'. You may need to add 'testserver' to ALLOWED_HOSTS.
INFO 2026-08-25 13:30:49,177 autoreload 60684 58888 Watching for file changes with StatReloader
INFO 2026-08-25 13:31:21,874 log 60684 59520 "GET / HTTP/1.1" 200 75980
INFO 2026-08-25 13:31:22,325 log 60684 59520 "GET /static/store.css HTTP/1.1" 200 71476
INFO 2026-08-25 13:31:22,341 log 60684 41536 "GET /static/store.js HTTP/1.1" 200 16737
INFO 2026-08-25 13:39:47,373 log 60684 63612 "GET /products/?sort=newest HTTP/1.1" 200 43389
INFO 2026-08-25 13:39:54,370 log 60684 63612 "GET /products/ HTTP/1.1" 200 43329
INFO 2026-08-25 13:39:55,470 log 60684 63612 "GET /products/ HTTP/1.1" 200 43329
INFO 2026-08-25 13:40:00,160 log 60684 63612 "GET /account/ HTTP/1.1" 200 11520
INFO 2026-08-25 13:40:03,015 log 60684 63612 "GET /manage/ HTTP/1.1" 200 26292
INFO 2026-08-25 13:40:11,131 log 60684 63612 "GET /manage/settings/ HTTP/1.1" 200 23457
INFO 2026-08-25 13:40:19,656 log 60684 63612 "GET /manage/pos/ HTTP/1.1" 200 23610
INFO 2026-08-25 13:40:19,712 log 60684 63612 "GET /static/pos.js HTTP/1.1" 200 15968
INFO 2026-08-25 13:40:38,513 log 60684 63612 "GET /manage/categories/ HTTP/1.1" 200 21004
INFO 2026-08-25 13:40:43,208 log 60684 63612 "GET /manage/products/ HTTP/1.1" 200 68055
INFO 2026-08-25 13:40:45,573 log 60684 63612 "GET /manage/ HTTP/1.1" 200 26292
INFO 2026-08-25 13:40:50,177 log 60684 63612 "GET /manage/pos/ HTTP/1.1" 200 23610
INFO 2026-08-25 13:40:52,862 log 60684 63612 "GET /manage/products/ HTTP/1.1" 200 68055
INFO 2026-08-25 13:41:06,324 log 60684 63612 "GET /manage/products/?q=&category=&status=&stock=&sort=&page=2 HTTP/1.1" 200 68857
INFO 2026-08-25 13:41:12,768 log 60684 63612 "GET /manage/categories/ HTTP/1.1" 200 21004
INFO 2026-08-25 13:41:14,496 log 60684 63612 "GET /manage/inventory/ HTTP/1.1" 200 44154
INFO 2026-08-25 13:41:25,194 log 60684 63612 "GET /manage/coupons/ HTTP/1.1" 200 18128
INFO 2026-08-25 13:41:28,560 log 60684 63612 "GET /manage/payments/ HTTP/1.1" 200 19541
INFO 2026-08-25 13:41:31,832 log 60684 63612 "GET /manage/settings/payments/ HTTP/1.1" 200 20978
INFO 2026-08-25 13:41:39,144 log 60684 63612 "GET / HTTP/1.1" 200 75980
INFO 2026-08-25 13:41:43,347 log 60684 63612 "GET /products/ HTTP/1.1" 200 43329
INFO 2026-08-25 13:41:48,861 log 60684 63612 "GET /contact/ HTTP/1.1" 200 11135
INFO 2026-08-25 13:41:58,837 log 60684 63612 "POST /account/logout/ HTTP/1.1" 302 0
INFO 2026-08-25 13:41:59,031 log 60684 63612 "GET / HTTP/1.1" 200 61853
INFO 2026-08-25 13:42:02,691 log 60684 63612 "GET /account/login/ HTTP/1.1" 200 10154
INFO 2026-08-25 13:42:06,942 views 60684 63612 User logged in: jonnie
INFO 2026-08-25 13:42:07,004 log 60684 63612 "POST /account/login/ HTTP/1.1" 302 0
INFO 2026-08-25 13:42:07,275 log 60684 63612 "GET /account/ HTTP/1.1" 200 11520
INFO 2026-08-25 13:42:11,811 log 60684 63612 "GET /account/ HTTP/1.1" 200 11520
INFO 2026-08-25 13:42:14,526 log 60684 63612 "GET /account/ HTTP/1.1" 200 11520
INFO 2026-08-25 13:42:16,996 log 60684 63612 "GET /manage/ HTTP/1.1" 200 26292
INFO 2026-08-25 13:42:22,018 log 60684 63612 "GET /manage/notifications/ HTTP/1.1" 200 18948
INFO 2026-08-25 13:42:23,380 log 60684 63612 "GET /manage/pos/ HTTP/1.1" 200 23610
INFO 2026-08-25 13:42:44,999 log 60684 63612 "GET /manage/products/ HTTP/1.1" 200 68055
INFO 2026-08-25 13:42:50,488 log 60684 63612 "GET /manage/inventory/ HTTP/1.1" 200 44154
INFO 2026-08-25 13:42:51,787 log 60684 63612 "GET /manage/categories/ HTTP/1.1" 200 21004
INFO 2026-08-25 13:42:53,629 log 60684 63612 "GET /manage/inventory/ HTTP/1.1" 200 44154
INFO 2026-08-25 13:42:56,654 log 60684 63612 "GET /manage/inventory/history/ HTTP/1.1" 200 18582
INFO 2026-08-25 13:42:59,127 log 60684 63612 "GET /manage/customers/ HTTP/1.1" 200 18515
INFO 2026-08-25 13:43:02,190 log 60684 63612 "GET /manage/reviews/ HTTP/1.1" 200 17910
INFO 2026-08-25 13:43:03,719 log 60684 63612 "GET /manage/coupons/ HTTP/1.1" 200 18128
INFO 2026-08-25 13:43:08,884 log 60684 63612 "GET /manage/coupons/1/delete/ HTTP/1.1" 200 17765
INFO 2026-08-25 13:43:09,903 log 60684 63612 "POST /manage/coupons/1/delete/ HTTP/1.1" 302 0
INFO 2026-08-25 13:43:09,993 log 60684 63612 "GET /manage/coupons/ HTTP/1.1" 200 18091
INFO 2026-08-25 13:43:12,670 log 60684 63612 "GET /manage/payments/ HTTP/1.1" 200 19541
INFO 2026-08-25 13:43:19,026 log 60684 63612 "GET /manage/settings/ HTTP/1.1" 200 23457
INFO 2026-08-25 13:43:24,395 log 60684 63612 "GET /manage/settings/email/ HTTP/1.1" 200 21394
INFO 2026-08-25 13:43:34,612 log 60684 63612 "GET /django-admin/ HTTP/1.1" 200 19353
INFO 2026-08-25 13:43:34,863 log 60684 57672 "GET /static/admin/css/dark_mode.css HTTP/1.1" 200 3538
INFO 2026-08-25 13:43:34,864 log 60684 63612 "GET /static/admin/css/base.css HTTP/1.1" 200 23100
INFO 2026-08-25 13:43:34,951 log 60684 63004 "GET /static/admin/css/nav_sidebar.css HTTP/1.1" 200 2810
INFO 2026-08-25 13:43:34,983 log 60684 48852 "GET /static/admin/css/dashboard.css HTTP/1.1" 200 441
INFO 2026-08-25 13:43:35,067 log 60684 16700 "GET /static/admin/css/responsive.css HTTP/1.1" 200 16273
INFO 2026-08-25 13:43:35,207 log 60684 51320 "GET /static/admin/js/theme.js HTTP/1.1" 200 1653
INFO 2026-08-25 13:43:35,440 log 60684 51320 "GET /static/admin/js/nav_sidebar.js HTTP/1.1" 200 3063
INFO 2026-08-25 13:43:35,497 log 60684 16700 "GET /static/admin/img/icon-addlink.svg HTTP/1.1" 200 593
INFO 2026-08-25 13:43:35,542 log 60684 48852 "GET /static/admin/img/icon-changelink.svg HTTP/1.1" 200 978
INFO 2026-08-25 13:43:52,419 log 60684 48852 "GET /manage/settings/payments/ HTTP/1.1" 200 20978
INFO 2026-08-25 13:43:56,728 log 60684 48852 "GET /manage/settings/ HTTP/1.1" 200 23457
INFO 2026-08-25 13:44:00,795 log 60684 48852 "GET /manage/ HTTP/1.1" 200 26292
INFO 2026-08-25 13:44:16,350 log 60684 48852 "POST /manage/notifications/clear/ HTTP/1.1" 302 0
INFO 2026-08-25 13:44:16,614 log 60684 48852 "GET /manage/ HTTP/1.1" 200 26708
INFO 2026-08-25 13:44:26,502 log 60684 48852 "GET /manage/products/ HTTP/1.1" 200 68055
INFO 2026-08-25 13:44:27,669 log 60684 48852 "GET /manage/notifications/ HTTP/1.1" 200 18948
INFO 2026-08-25 13:44:28,678 log 60684 48852 "GET /manage/ HTTP/1.1" 200 26292
INFO 2026-08-25 13:44:30,811 log 60684 48852 "GET /manage/coupons/ HTTP/1.1" 200 17689
INFO 2026-08-25 13:44:49,941 log 60684 48852 "GET /manage/settings/payments/ HTTP/1.1" 200 20978
INFO 2026-08-25 13:44:58,281 log 60684 48852 "GET /manage/orders/ HTTP/1.1" 200 20427
INFO 2026-08-25 14:21:48,808 log 60684 12536 "GET /manage/orders/?q=&range=&from=&to=&channel=&method=mpesa&seller=&status=&payment= HTTP/1.1" 200 20072
INFO 2026-08-25 14:21:48,837 log 60684 55576 "GET /static/store.js HTTP/1.1" 304 0
INFO 2026-08-25 14:21:48,857 log 60684 12536 "GET /static/store.css HTTP/1.1" 304 0
INFO 2026-08-25 14:21:52,115 log 60684 12536 "GET /manage/orders/?q=&range=&from=&to=&channel=&method=mpesa&seller=1&status=&payment= HTTP/1.1" 200 20081
INFO 2026-08-25 14:21:53,561 log 60684 12536 "GET /manage/orders/?q=&range=&from=&to=&channel=&method=mpesa&seller=4&status=&payment= HTTP/1.1" 200 20081
INFO 2026-08-25 14:21:56,250 log 60684 12536 "GET /manage/customers/ HTTP/1.1" 200 18515
INFO 2026-08-25 14:22:00,504 log 60684 12536 "GET /manage/settings/ HTTP/1.1" 200 23457
INFO 2026-08-25 14:22:30,765 log 60684 12536 "GET /manage/pos/ HTTP/1.1" 200 23610
INFO 2026-08-25 14:22:30,788 log 60684 12536 "GET /static/pos.js HTTP/1.1" 304 0
INFO 2026-08-25 14:22:32,408 log 60684 12536 "GET /manage/ HTTP/1.1" 200 26292
INFO 2026-08-25 14:22:35,972 log 60684 12536 "GET /django-admin/ HTTP/1.1" 200 19353
INFO 2026-08-25 14:22:39,189 log 60684 12536 "GET /django-admin/auth/group/ HTTP/1.1" 200 17643
INFO 2026-08-25 14:22:39,243 log 60684 12536 "GET /static/admin/css/changelists.css HTTP/1.1" 200 7498
INFO 2026-08-25 14:22:39,261 log 60684 13188 "GET /static/admin/js/jquery.init.js HTTP/1.1" 200 347
INFO 2026-08-25 14:22:39,277 log 60684 55576 "GET /django-admin/jsi18n/ HTTP/1.1" 200 3342
INFO 2026-08-25 14:22:39,279 log 60684 62756 "GET /static/admin/js/core.js HTTP/1.1" 200 6208
INFO 2026-08-25 14:22:39,281 log 60684 42216 "GET /static/admin/js/vendor/jquery/jquery.js HTTP/1.1" 200 285314
INFO 2026-08-25 14:22:39,334 log 60684 12536 "GET /static/admin/js/actions.js HTTP/1.1" 200 8077
INFO 2026-08-25 14:22:39,338 log 60684 13188 "GET /static/admin/js/urlify.js HTTP/1.1" 200 7887
INFO 2026-08-25 14:22:39,392 log 60684 55824 "GET /static/admin/js/admin/RelatedObjectLookups.js HTTP/1.1" 200 9777
INFO 2026-08-25 14:22:39,458 log 60684 42216 "GET /static/admin/js/prepopulate.js HTTP/1.1" 200 1531
INFO 2026-08-25 14:22:39,494 log 60684 55576 "GET /static/admin/js/vendor/xregexp/xregexp.js HTTP/1.1" 200 325171
INFO 2026-08-25 14:22:39,542 log 60684 55824 "GET /static/admin/img/search.svg HTTP/1.1" 200 607
INFO 2026-08-25 14:22:39,549 log 60684 55576 "GET /static/admin/js/filters.js HTTP/1.1" 200 978
INFO 2026-08-25 14:22:39,701 log 60684 55576 "GET /static/admin/img/tooltag-add.svg HTTP/1.1" 200 593
INFO 2026-08-25 14:22:44,061 log 60684 55576 "GET /django-admin/ HTTP/1.1" 200 19353
INFO 2026-08-25 14:22:53,894 log 60684 55576 "GET /manage/inventory/ HTTP/1.1" 200 44154
INFO 2026-08-25 14:23:04,062 log 60684 55576 "GET /manage/products/ HTTP/1.1" 200 68055
INFO 2026-08-25 14:23:06,515 log 60684 55576 "GET /manage/pos/ HTTP/1.1" 200 23610
INFO 2026-08-25 14:23:07,598 log 60684 55576 "GET /manage/ HTTP/1.1" 200 26292
INFO 2026-08-25 14:23:19,484 log 60684 55576 "GET / HTTP/1.1" 200 75980
INFO 2026-08-25 14:23:39,000 log 60684 55576 "POST /newsletter/ HTTP/1.1" 302 0
INFO 2026-08-25 14:23:39,150 log 60684 55576 "GET / HTTP/1.1" 200 76404
INFO 2026-08-25 14:23:43,407 log 60684 55576 "GET /account/ HTTP/1.1" 200 11520
INFO 2026-08-25 14:23:44,697 log 60684 55576 "POST /account/logout/ HTTP/1.1" 302 0
INFO 2026-08-25 14:23:44,896 log 60684 55576 "GET / HTTP/1.1" 200 61853
INFO 2026-08-25 14:24:01,821 log 60684 55576 "GET /cart/ HTTP/1.1" 200 9707
INFO 2026-08-25 14:24:04,676 log 60684 55576 "GET /wishlist/ HTTP/1.1" 302 0
INFO 2026-08-25 14:24:04,740 log 60684 55576 "GET /account/login/?next=/wishlist/ HTTP/1.1" 200 10170
INFO 2026-08-25 14:24:09,936 log 60684 55576 "GET /account/password-reset/ HTTP/1.1" 200 9831
ERROR 2026-08-25 14:24:17,685 emails 60684 55576 Email failed to marandojohn76@gmail.com (Password reset for Reeves Boutique): (530, b'5.7.0 Authentication Required. For more information, go to\n5.7.0  https://support.google.com/accounts/troubleshooter/2402620. 4fb4d7f45d1cf-6a59e0190d3sm12938338a12.9 - gsmtp', 'marandojohn76@gmail.com')
INFO 2026-08-25 14:24:17,716 log 60684 55576 "POST /account/password-reset/ HTTP/1.1" 302 0
INFO 2026-08-25 14:24:17,823 log 60684 55576 "GET /account/password-reset/done/ HTTP/1.1" 200 9341
INFO 2026-08-25 14:24:21,731 log 60684 55576 "GET / HTTP/1.1" 200 61853
INFO 2026-08-25 17:04:34,494 log 60684 40728 "GET / HTTP/1.1" 200 61853
INFO 2026-08-25 17:04:34,581 log 60684 40728 "GET /static/store.css HTTP/1.1" 304 0
INFO 2026-08-25 17:04:34,631 log 60684 40728 "GET /static/store.js HTTP/1.1" 304 0
INFO 2026-08-25 17:04:42,495 log 60684 40728 "GET /account/login/ HTTP/1.1" 200 10154
INFO 2026-08-25 17:04:45,732 views 60684 40728 User logged in: jonnie
INFO 2026-08-25 17:04:45,749 log 60684 40728 "POST /account/login/ HTTP/1.1" 302 0
INFO 2026-08-25 17:04:45,934 log 60684 40728 "GET /account/ HTTP/1.1" 200 11588
INFO 2026-08-25 17:04:48,567 log 60684 40728 "GET /account/orders/ HTTP/1.1" 200 11223
INFO 2026-08-25 17:04:50,109 log 60684 40728 "GET /account/notifications/ HTTP/1.1" 200 11848
INFO 2026-08-25 17:04:57,152 log 60684 40728 "POST /account/notifications/clear/ HTTP/1.1" 302 0
INFO 2026-08-25 17:04:57,268 log 60684 40728 "GET /account/notifications/ HTTP/1.1" 200 12190
INFO 2026-08-25 17:05:10,791 log 60684 40728 "POST /account/notifications/clear/ HTTP/1.1" 302 0
INFO 2026-08-25 17:05:10,890 log 60684 40728 "GET /account/notifications/ HTTP/1.1" 200 12190
INFO 2026-08-25 17:05:17,459 log 60684 40728 "GET /wishlist/ HTTP/1.1" 200 10092
INFO 2026-08-25 17:05:18,631 log 60684 40728 "GET /contact/ HTTP/1.1" 200 11135
INFO 2026-08-25 17:05:26,328 log 60684 40728 "GET /account/ HTTP/1.1" 200 11520
INFO 2026-08-25 17:05:27,485 log 60684 40728 "GET /manage/ HTTP/1.1" 200 26292
INFO 2026-08-25 17:05:30,081 log 60684 40728 "GET /manage/products/add/ HTTP/1.1" 200 22465
INFO 2026-08-25 17:05:33,934 log 60684 40728 "GET /manage/inventory/ HTTP/1.1" 200 44154
INFO 2026-08-25 17:06:12,613 log 60684 40728 "GET /manage/notifications/ HTTP/1.1" 200 18948
INFO 2026-08-25 17:06:14,541 log 60684 40728 "GET /manage/customers/ HTTP/1.1" 200 18515
INFO 2026-08-25 17:06:19,510 log 60684 40728 "GET /manage/customers/ HTTP/1.1" 200 18515
INFO 2026-08-25 17:06:32,756 log 60684 40728 "GET /manage/reviews/ HTTP/1.1" 200 17910
INFO 2026-08-25 17:06:33,798 log 60684 40728 "GET /manage/coupons/ HTTP/1.1" 200 17689
INFO 2026-08-25 17:06:35,375 log 60684 40728 "GET /manage/payments/ HTTP/1.1" 200 19541
INFO 2026-08-25 17:06:37,521 log 60684 40728 "GET /manage/settings/ HTTP/1.1" 200 23457
INFO 2026-08-25 17:06:40,056 log 60684 40728 "GET /manage/ HTTP/1.1" 200 26292
INFO 2026-08-25 17:06:42,920 log 60684 40728 "GET /manage/coupons/ HTTP/1.1" 200 17689
INFO 2026-08-25 17:06:46,686 log 60684 40728 "GET /manage/notifications/ HTTP/1.1" 200 18948
INFO 2026-08-25 17:06:48,436 log 60684 40728 "GET /manage/ HTTP/1.1" 200 26292
INFO 2026-08-25 17:06:53,832 log 60684 40728 "GET /manage/customers/ HTTP/1.1" 200 18515
INFO 2026-08-25 17:06:56,259 log 60684 40728 "GET /manage/reviews/ HTTP/1.1" 200 17910
INFO 2026-08-25 17:06:58,041 log 60684 40728 "GET /manage/coupons/ HTTP/1.1" 200 17689
INFO 2026-08-25 17:06:59,957 log 60684 40728 "GET /manage/payments/ HTTP/1.1" 200 19541
INFO 2026-08-25 17:07:03,089 log 60684 40728 "GET /manage/settings/payments/ HTTP/1.1" 200 20978
INFO 2026-08-25 17:07:22,656 log 60684 40728 "GET /manage/system-health/ HTTP/1.1" 200 19973
INFO 2026-08-25 17:07:27,685 log 60684 40728 "GET / HTTP/1.1" 200 75980
INFO 2026-08-25 17:07:53,482 log 60684 40728 "POST /cart/add/12/ HTTP/1.1" 302 0
INFO 2026-08-25 17:07:53,698 log 60684 40728 "GET / HTTP/1.1" 200 76400
INFO 2026-08-25 17:07:55,939 log 60684 40728 "GET /cart/ HTTP/1.1" 200 12265
INFO 2026-08-25 17:07:57,715 log 60684 40728 "GET /manage/ HTTP/1.1" 200 26292
INFO 2026-08-25 17:08:02,073 log 60684 40728 "GET /manage/categories/ HTTP/1.1" 200 21004
INFO 2026-08-25 17:08:09,515 log 60684 40728 "GET /manage/customers/ HTTP/1.1" 200 18515
INFO 2026-08-25 17:08:11,098 log 60684 40728 "GET /manage/products/ HTTP/1.1" 200 68055
INFO 2026-08-25 17:08:18,525 log 60684 40728 "GET /manage/products/?q=&category=&status=&stock=&sort=&page=2 HTTP/1.1" 200 68857
INFO 2026-08-25 17:08:23,781 log 60684 40728 "POST /manage/products/24/delete/ HTTP/1.1" 302 0
INFO 2026-08-25 17:08:24,136 log 60684 40728 "GET /manage/products/ HTTP/1.1" 200 68489
INFO 2026-08-25 17:08:28,905 log 60684 40728 "GET /manage/products/?q=&category=&status=&stock=&sort=&page=2 HTTP/1.1" 200 68918
INFO 2026-08-25 17:08:35,105 log 60684 40728 "POST /manage/products/16/delete/ HTTP/1.1" 302 0
INFO 2026-08-25 17:08:35,322 log 60684 40728 "GET /manage/products/ HTTP/1.1" 200 68495
INFO 2026-08-25 17:08:40,694 log 60684 40728 "GET /manage/products/?q=&category=&status=&stock=&sort=&page=2 HTTP/1.1" 200 68936
INFO 2026-08-25 17:08:46,486 log 60684 40728 "POST /manage/products/14/delete/ HTTP/1.1" 302 0
INFO 2026-08-25 17:08:47,537 log 60684 40728 "GET /manage/products/ HTTP/1.1" 200 68484
INFO 2026-08-25 17:08:55,810 log 60684 40728 "GET /manage/products/?q=&category=&status=&stock=&sort=&page=2 HTTP/1.1" 200 68999
INFO 2026-08-25 17:09:01,788 log 60684 40728 "POST /manage/products/13/delete/ HTTP/1.1" 302 0
INFO 2026-08-25 17:09:02,690 log 60684 40728 "GET /manage/products/ HTTP/1.1" 200 68416
INFO 2026-08-25 17:09:07,691 log 60684 40728 "GET /manage/products/?q=&category=&status=&stock=&sort=&page=2 HTTP/1.1" 200 68893
INFO 2026-08-25 17:09:12,947 log 60684 40728 "POST /manage/products/12/delete/ HTTP/1.1" 302 0
INFO 2026-08-25 17:09:13,440 log 60684 40728 "GET /manage/products/ HTTP/1.1" 200 68419
INFO 2026-08-25 17:09:27,541 log 60684 40728 "GET /manage/products/?q=&category=&status=&stock=&sort=&page=2 HTTP/1.1" 200 66596
INFO 2026-08-25 17:09:34,201 log 60684 40728 "POST /manage/products/5/delete/ HTTP/1.1" 302 0
INFO 2026-08-25 17:09:34,646 log 60684 40728 "GET /manage/products/ HTTP/1.1" 200 68419
INFO 2026-08-25 17:09:40,249 log 60684 40728 "GET /manage/products/?q=&category=&status=&stock=&sort=&page=2 HTTP/1.1" 200 64303
INFO 2026-08-25 17:09:55,618 log 60684 40728 "GET /manage/categories/ HTTP/1.1" 200 21004
INFO 2026-08-25 17:09:59,111 log 60684 40728 "GET /manage/inventory/ HTTP/1.1" 200 44169
INFO 2026-08-25 17:10:04,188 log 60684 40728 "POST /manage/inventory/update/ HTTP/1.1" 302 0
INFO 2026-08-25 17:10:05,062 log 60684 40728 "GET /manage/inventory/? HTTP/1.1" 200 44592
INFO 2026-08-25 17:10:19,934 log 60684 40728 "GET /manage/products/ HTTP/1.1" 200 67985
INFO 2026-08-25 17:10:23,970 log 60684 40728 "GET /manage/products/add/ HTTP/1.1" 200 22465
INFO 2026-08-25 17:12:04,449 log 60684 40728 "POST /manage/products/add/ HTTP/1.1" 200 22667
INFO 2026-08-25 17:12:25,020 log 60684 40728 "POST /manage/products/add/ HTTP/1.1" 200 22701
INFO 2026-08-25 17:12:41,913 services 60684 40728 Inventory alert raised for pens (out) by jonnie
INFO 2026-08-25 17:12:41,928 log 60684 40728 "POST /manage/products/add/ HTTP/1.1" 302 0
INFO 2026-08-25 17:12:42,436 log 60684 40728 "GET /manage/products/ HTTP/1.1" 200 69905
INFO 2026-08-25 17:12:43,050 log 60684 40728 "GET /media/products/20260516_OHR.SmithRockPark_EN-US0425629050_UHD_bing.jpg HTTP/1.1" 200 3650378
INFO 2026-08-25 17:12:49,723 log 60684 40728 "GET /products/pens/ HTTP/1.1" 200 16880
INFO 2026-08-25 17:12:49,954 log 60684 40728 "GET /media/products/20260516_OHR.SmithRockPark_EN-US0425629050_UHD_bing.jpg HTTP/1.1" 304 0
INFO 2026-08-25 17:12:57,372 log 60684 40728 "GET /products/pens/ HTTP/1.1" 200 16880
INFO 2026-08-25 17:12:57,525 log 60684 40728 "GET /media/products/20260516_OHR.SmithRockPark_EN-US0425629050_UHD_bing.jpg HTTP/1.1" 304 0
INFO 2026-08-25 17:12:59,897 log 60684 40728 "GET / HTTP/1.1" 200 75940
INFO 2026-08-25 17:13:10,045 log 60684 40728 "GET /products/ HTTP/1.1" 200 43427
INFO 2026-08-25 17:13:10,110 log 60684 40728 "GET /media/products/20260516_OHR.SmithRockPark_EN-US0425629050_UHD_bing.jpg HTTP/1.1" 304 0
INFO 2026-08-25 17:13:21,485 log 60684 40728 "GET /products/pens/ HTTP/1.1" 200 16880
INFO 2026-08-25 17:13:21,584 log 60684 40728 "GET /media/products/20260516_OHR.SmithRockPark_EN-US0425629050_UHD_bing.jpg HTTP/1.1" 304 0
INFO 2026-08-25 17:13:35,581 log 60684 40728 "GET / HTTP/1.1" 200 75940
INFO 2026-08-25 17:13:41,192 log 60684 40728 "GET /account/ HTTP/1.1" 200 11520
INFO 2026-08-25 17:13:45,940 log 60684 40728 "GET /products/ HTTP/1.1" 200 43427
INFO 2026-08-25 17:13:46,078 log 60684 40728 "GET /media/products/20260516_OHR.SmithRockPark_EN-US0425629050_UHD_bing.jpg HTTP/1.1" 304 0
INFO 2026-08-25 17:14:01,991 log 60684 40728 "GET /manage/ HTTP/1.1" 200 28247
INFO 2026-08-25 17:14:12,111 log 60684 40728 "GET /manage/pos/ HTTP/1.1" 200 25043
INFO 2026-08-25 17:14:12,285 log 60684 40728 "GET /static/pos.js HTTP/1.1" 304 0
INFO 2026-08-25 17:14:32,174 log 60684 40728 "POST /manage/notifications/clear/ HTTP/1.1" 302 0
INFO 2026-08-25 17:14:32,391 log 60684 40728 "GET /manage/ HTTP/1.1" 200 27697
INFO 2026-08-25 17:14:34,622 log 60684 40728 "GET /manage/analytics/ HTTP/1.1" 200 23558
INFO 2026-08-25 17:14:36,191 log 60684 40728 "GET /manage/system-health/ HTTP/1.1" 200 20446
INFO 2026-08-25 17:14:37,968 log 60684 40728 "GET / HTTP/1.1" 200 75940
INFO 2026-08-25 17:15:01,473 log 60684 40728 "GET /contact/ HTTP/1.1" 200 11135
INFO 2026-08-25 17:15:03,257 log 60684 40728 "GET /cart/ HTTP/1.1" 200 10407
INFO 2026-08-25 17:15:07,046 log 60684 40728 "GET /cart/ HTTP/1.1" 200 10407
INFO 2026-08-25 17:15:09,626 log 60684 40728 "GET /cart/ HTTP/1.1" 200 10407
INFO 2026-08-25 17:15:13,434 log 60684 40728 "GET /cart/ HTTP/1.1" 200 10407
INFO 2026-08-25 17:15:14,675 log 60684 40728 "GET /cart/ HTTP/1.1" 200 10407
INFO 2026-08-25 17:15:15,901 log 60684 40728 "GET /products/ HTTP/1.1" 200 43427
INFO 2026-08-25 17:15:16,217 log 60684 40728 "GET /media/products/20260516_OHR.SmithRockPark_EN-US0425629050_UHD_bing.jpg HTTP/1.1" 304 0
INFO 2026-08-25 17:15:18,734 log 60684 40728 "GET /products/ HTTP/1.1" 200 43427
INFO 2026-08-25 17:15:20,899 log 60684 40728 "POST /account/logout/ HTTP/1.1" 302 0
INFO 2026-08-25 17:15:21,845 log 60684 40728 "GET / HTTP/1.1" 200 61814
INFO 2026-08-25 17:15:24,998 log 60684 40728 "GET /account/login/ HTTP/1.1" 200 10154
INFO 2026-08-25 17:15:32,941 views 60684 40728 User logged in: jonnie
INFO 2026-08-25 17:15:33,002 log 60684 40728 "POST /account/login/ HTTP/1.1" 302 0
INFO 2026-08-25 17:15:33,286 log 60684 40728 "GET /account/ HTTP/1.1" 200 11520
INFO 2026-08-25 17:21:27,518 log 60684 44452 "GET /account/orders/ HTTP/1.1" 200 11155
INFO 2026-08-25 17:21:30,110 log 60684 44452 "GET /account/profile/ HTTP/1.1" 200 11623
INFO 2026-08-25 17:21:35,219 log 60684 44452 "GET /account/password-change/ HTTP/1.1" 200 11310
INFO 2026-08-25 17:21:38,501 log 60684 44452 "POST /account/logout/ HTTP/1.1" 302 0
INFO 2026-08-25 17:21:38,685 log 60684 44452 "GET / HTTP/1.1" 200 61814
INFO 2026-08-26 08:30:38,404 autoreload 55632 55664 Watching for file changes with StatReloader
INFO 2026-08-26 08:32:12,326 log 55632 64280 "GET / HTTP/1.1" 200 61814
INFO 2026-08-26 08:32:12,373 log 55632 64280 "GET /static/store.css HTTP/1.1" 304 0
INFO 2026-08-26 08:32:12,376 log 55632 11096 "GET /static/store.js HTTP/1.1" 304 0
INFO 2026-08-26 08:32:19,598 log 55632 11096 "GET /products/ HTTP/1.1" 200 35611
INFO 2026-08-26 08:32:19,748 log 55632 11096 "GET /media/products/20260516_OHR.SmithRockPark_EN-US0425629050_UHD_bing.jpg HTTP/1.1" 304 0
INFO 2026-08-26 08:32:23,745 log 55632 11096 "GET /account/login/ HTTP/1.1" 200 10154
INFO 2026-08-26 08:32:26,797 views 55632 11096 User logged in: jonnie
INFO 2026-08-26 08:32:26,813 log 55632 11096 "POST /account/login/ HTTP/1.1" 302 0
INFO 2026-08-26 08:32:26,933 log 55632 11096 "GET /account/ HTTP/1.1" 200 11520
INFO 2026-08-26 08:32:31,146 log 55632 11096 "GET /manage/ HTTP/1.1" 200 27307
INFO 2026-08-26 08:32:33,763 log 55632 11096 "GET /manage/pos/ HTTP/1.1" 200 24096
INFO 2026-08-26 08:32:33,796 log 55632 11096 "GET /static/pos.js HTTP/1.1" 304 0
INFO 2026-08-26 08:32:40,949 log 55632 11096 "GET /manage/settings/ HTTP/1.1" 200 23943
INFO 2026-08-26 08:32:47,072 log 55632 11096 "GET /manage/analytics/ HTTP/1.1" 200 23571
INFO 2026-08-26 08:32:50,908 log 55632 11096 "GET /manage/pos/ HTTP/1.1" 200 24096
INFO 2026-08-26 08:32:52,226 log 55632 11096 "GET /manage/ HTTP/1.1" 200 27307
INFO 2026-08-26 08:32:57,979 log 55632 11096 "GET /manage/pos/ HTTP/1.1" 200 24096
INFO 2026-08-26 08:32:59,164 log 55632 11096 "GET /manage/products/ HTTP/1.1" 200 68507
INFO 2026-08-26 08:33:06,270 log 55632 11096 "GET /manage/categories/ HTTP/1.1" 200 21490
INFO 2026-08-26 08:33:28,391 log 55632 11096 "GET /manage/inventory/ HTTP/1.1" 200 46272
INFO 2026-08-26 08:33:34,539 log 55632 11096 "GET /manage/settings/ HTTP/1.1" 200 23943
INFO 2026-08-26 08:33:46,161 log 55632 11096 "GET /manage/settings/email/ HTTP/1.1" 200 21880
INFO 2026-08-26 08:33:54,091 log 55632 11096 "GET /manage/ HTTP/1.1" 200 27307
INFO 2026-08-26 08:37:36,129 log 55632 11096 "GET /manage/pos/ HTTP/1.1" 200 24096
INFO 2026-08-26 08:37:45,415 log 55632 11096 "GET /manage/pos/search/?q= HTTP/1.1" 200 15
INFO 2026-08-26 08:38:00,110 log 55632 11096 "GET /manage/pos/search/?q=la HTTP/1.1" 200 729
INFO 2026-08-26 08:38:27,086 log 55632 11096 "GET /manage/products/ HTTP/1.1" 200 68507
INFO 2026-08-26 08:38:27,965 log 55632 11096 "GET /manage/categories/ HTTP/1.1" 200 21490
INFO 2026-08-26 08:38:29,534 log 55632 11096 "GET /manage/products/ HTTP/1.1" 200 68507
INFO 2026-08-26 08:38:32,027 log 55632 11096 "GET /manage/coupons/ HTTP/1.1" 200 18175
INFO 2026-08-26 08:38:33,692 log 55632 11096 "GET /manage/inventory/history/ HTTP/1.1" 200 19462
INFO 2026-08-26 08:38:35,843 log 55632 11096 "GET /manage/products/ HTTP/1.1" 200 68507
INFO 2026-08-26 08:38:36,646 log 55632 11096 "GET /manage/pos/ HTTP/1.1" 200 24096
INFO 2026-08-26 08:38:37,602 log 55632 11096 "GET /manage/ HTTP/1.1" 200 27307
INFO 2026-08-26 08:38:38,511 log 55632 11096 "GET /manage/notifications/ HTTP/1.1" 200 19801
INFO 2026-08-26 08:38:39,426 log 55632 11096 "GET /manage/pos/ HTTP/1.1" 200 24096
INFO 2026-08-26 08:53:56,210 log 55632 52024 "GET /manage/products/ HTTP/1.1" 200 68507
INFO 2026-08-26 08:53:58,862 log 55632 52024 "GET /manage/pos/ HTTP/1.1" 200 24096
INFO 2026-08-26 08:54:14,488 log 55632 52024 "GET /manage/pos/search/?q=lap HTTP/1.1" 200 245
WARNING 2026-08-26 09:06:33,874 pos 62980 66660 POS M-Pesa start failed for RB-260826-88C633: Daraja down
INFO 2026-08-26 09:06:53,941 pos_views 62980 66660 POS shift 1 closed by cashier1
INFO 2026-08-26 09:06:58,873 manage_views 62980 66660 Return on RB-260826-832397: Returnable x 1 by ret-mgr
INFO 2026-08-26 09:07:01,470 manage_views 62980 66660 Return on RB-260826-BB017C: Returnable x 1 by ret-mgr
INFO 2026-08-26 09:07:24,146 services 67376 46224 Restored 6 units of stock for cancelled/refunded order RB-260826-F9027F
INFO 2026-08-26 09:07:52,538 manage_views 67376 46224 Payment 1 approved manually for order RB-260826-329AE7 by admin
INFO 2026-08-26 09:07:57,906 manage_views 67376 46224 Payment 1 rejected for order RB-260826-C13D33 by admin
INFO 2026-08-26 09:08:05,129 manage_views 67376 46224 Order RB-260826-BA4FC4 status changed to shipped by admin
WARNING 2026-08-26 09:08:58,481 views 67376 46224 M-Pesa callback amount mismatch for order RB-260826-DFFC8C: got 1 expected 2150.00
INFO 2026-08-26 09:09:01,551 views 67376 46224 M-Pesa payment failed for req-1: The service request is processed successfully.
INFO 2026-08-26 09:09:04,741 views 67376 46224 M-Pesa payment failed for req-1: The service request is processed successfully.
INFO 2026-08-26 09:09:09,726 views 67376 46224 M-Pesa payment confirmed for req-1 receipt PJX123ABC amount 2150.00
INFO 2026-08-26 09:12:21,392 autoreload 66508 66652 Watching for file changes with StatReloader
INFO 2026-08-26 09:12:35,554 log 66508 27708 "GET /manage/products/ HTTP/1.1" 200 68507
INFO 2026-08-26 09:17:10,323 log 66508 27708 "POST /manage/products/bulk/ HTTP/1.1" 302 0
INFO 2026-08-26 09:17:10,441 log 66508 27708 "GET /manage/products/ HTTP/1.1" 200 68912
INFO 2026-08-26 09:17:14,890 log 66508 27708 "GET /manage/pos/ HTTP/1.1" 200 25079
INFO 2026-08-26 09:17:36,573 log 66508 27708 "GET /manage/pos/search/?q=la HTTP/1.1" 200 729
INFO 2026-08-26 09:18:33,561 log 66508 27708 "GET /manage/ HTTP/1.1" 200 27305
INFO 2026-08-26 09:18:38,022 log 66508 27708 "GET /manage/notifications/ HTTP/1.1" 200 19799
INFO 2026-08-26 09:18:38,819 log 66508 27708 "GET /manage/pos/ HTTP/1.1" 200 25079
INFO 2026-08-26 09:18:39,942 log 66508 27708 "GET /manage/notifications/ HTTP/1.1" 200 19799
INFO 2026-08-26 09:18:40,887 log 66508 27708 "GET /manage/pos/ HTTP/1.1" 200 25079
INFO 2026-08-26 09:18:50,498 log 66508 27708 "GET /manage/categories/ HTTP/1.1" 200 21489
INFO 2026-08-26 09:18:52,266 log 66508 27708 "GET /manage/payments/ HTTP/1.1" 200 20026
INFO 2026-08-26 09:18:54,435 log 66508 27708 "GET /manage/settings/ HTTP/1.1" 200 23942
INFO 2026-08-26 09:19:02,309 log 66508 27708 "GET /manage/system-health/ HTTP/1.1" 200 20458
INFO 2026-08-26 09:20:07,244 log 66508 27708 "GET /manage/pos/ HTTP/1.1" 200 25079
INFO 2026-08-26 09:25:19,279 log 66508 66184 "GET /manage/pos/search/?q=la HTTP/1.1" 200 729
INFO 2026-08-26 09:25:36,832 log 66508 15472 "GET /manage/products/ HTTP/1.1" 200 68507
INFO 2026-08-26 09:25:38,168 log 66508 15472 "GET /manage/categories/ HTTP/1.1" 200 21490
INFO 2026-08-26 09:36:15,226 log 66508 2008 "GET /manage/products/ HTTP/1.1" 200 68507
INFO 2026-08-26 09:36:16,414 log 66508 2008 "GET /manage/notifications/ HTTP/1.1" 200 19801
INFO 2026-08-26 12:11:04,987 services 61764 63016 Restored 6 units of stock for cancelled/refunded order RB-260826-B6907C
INFO 2026-08-26 12:13:42,124 services 31312 3824 Restored 6 units of stock for cancelled/refunded order RB-260826-D02AD9
INFO 2026-08-26 12:15:22,899 manage_views 31312 3824 Payment 1 approved manually for order RB-260826-1CC992 by admin
INFO 2026-08-26 12:15:45,118 manage_views 31312 3824 Payment 1 rejected for order RB-260826-B2E012 by admin
INFO 2026-08-26 12:16:05,172 manage_views 31312 3824 Order RB-260826-87DDDE status changed to shipped by admin
WARNING 2026-08-26 12:18:14,907 views 31312 3824 M-Pesa callback amount mismatch for order RB-260826-B509A5: got 1 expected 2150.00
INFO 2026-08-26 12:18:58,987 services 66384 64404 Restored 2 units of stock for cancelled/refunded order RB-260826-DF532E
ERROR 2026-08-26 12:18:59,475 views 66384 64404 Error handling M-Pesa callback
Traceback (most recent call last):
  File "C:\Users\ADMIN\OneDrive\Desktop\e-comerce\store\views.py", line 621, in mpesa_callback
    data = json.loads(request.body)
  File "C:\Users\ADMIN\AppData\Local\Programs\Python\Python314\Lib\json\__init__.py", line 352, in loads
    return _default_decoder.decode(s)
           ~~~~~~~~~~~~~~~~~~~~~~~^^^
  File "C:\Users\ADMIN\AppData\Local\Programs\Python\Python314\Lib\json\decoder.py", line 345, in decode
    obj, end = self.raw_decode(s, idx=_w(s, 0).end())
               ~~~~~~~~~~~~~~~^^^^^^^^^^^^^^^^^^^^^^^
  File "C:\Users\ADMIN\AppData\Local\Programs\Python\Python314\Lib\json\decoder.py", line 363, in raw_decode
    raise JSONDecodeError("Expecting value", s, err.value) from None
json.decoder.JSONDecodeError: Expecting value: line 1 column 1 (char 0)
INFO 2026-08-26 12:18:59,847 views 66384 64404 M-Pesa payment failed for req-1: processed
INFO 2026-08-26 12:18:59,897 services 66384 64404 Restored 2 units of stock for cancelled/refunded order RB-260826-595317
INFO 2026-08-26 12:18:59,920 emails 66384 64404 Email not sent (Payment failed for order RB-260826-595317) because SMTP is disabled in settings.
INFO 2026-08-26 12:19:00,480 views 66384 64404 M-Pesa payment confirmed for req-paid receipt PJXPAID1 amount 2150.00
INFO 2026-08-26 12:19:00,542 emails 66384 64404 Email not sent (Payment confirmed for order RB-260826-F82CA9) because SMTP is disabled in settings.
INFO 2026-08-26 12:19:01,200 views 66384 64404 M-Pesa payment confirmed for req-1 receipt PJX123ABC amount 2150.00
INFO 2026-08-26 12:19:01,237 emails 66384 64404 Email not sent (Payment confirmed for order RB-260826-492532) because SMTP is disabled in settings.
WARNING 2026-08-26 12:19:01,811 views 66384 64404 M-Pesa callback for unknown CheckoutRequestID nope
INFO 2026-08-26 12:19:12,875 manage_views 66384 64404 Payment 1 approved manually for order RB-260826-CE776C by admin
INFO 2026-08-26 12:19:12,896 emails 66384 64404 Email not sent (Payment confirmed for order RB-260826-CE776C) because SMTP is disabled in settings.
INFO 2026-08-26 12:19:28,558 services 66384 64404 Restored 2 units of stock for cancelled/refunded order RB-260826-CC33C4
INFO 2026-08-26 12:19:28,567 manage_views 66384 64404 Payment 1 rejected for order RB-260826-CC33C4 by admin
INFO 2026-08-26 12:19:28,585 emails 66384 64404 Email not sent (Payment failed for order RB-260826-CC33C4) because SMTP is disabled in settings.
INFO 2026-08-26 12:20:36,646 services 66384 64404 Restored 2 units of stock for cancelled/refunded order RB-260826-BC0124
INFO 2026-08-26 12:20:36,850 mpesa 66384 64404 STK push sent for order RB-260826-A5F9DD (254712345678) checkout id ws_CO_123
WARNING 2026-08-26 12:21:43,216 pos 66384 64404 POS M-Pesa start failed for RB-260826-E1992B: Daraja down
INFO 2026-08-26 12:22:18,052 pos_views 66384 64404 POS shift 1 closed by cashier1
INFO 2026-08-26 12:22:28,152 manage_views 66384 64404 Return on RB-260826-4A1143: Returnable x 1 by ret-mgr
INFO 2026-08-26 12:22:31,338 manage_views 66384 64404 Return on RB-260826-C3AA3F: Returnable x 1 by ret-mgr
INFO 2026-08-26 12:26:23,356 services 59976 44872 Inventory alert raised for Summer Dress (low) by admin
INFO 2026-08-26 12:26:30,093 views 59976 44872 User logged in: jane
INFO 2026-08-26 12:26:32,692 views 59976 44872 User logged in: jane
INFO 2026-08-26 12:26:35,262 views 59976 44872 User logged in: jane
INFO 2026-08-26 12:26:56,799 services 59976 44872 Restored 2 units of stock for cancelled/refunded order RB-260826-79FE29
INFO 2026-08-26 12:27:16,783 views 67212 64536 User logged in: jane
INFO 2026-08-26 12:27:18,287 emails 67212 64536 Email not sent (Welcome to Reeves Boutique) because SMTP is disabled in settings.
INFO 2026-08-26 12:27:21,407 emails 67212 64536 Email not sent (Order RB-260826-EBA24B received at Reeves Boutique) because SMTP is disabled in settings.
INFO 2026-08-26 12:27:21,882 emails 67212 64536 Email not sent (Order RB-260826-AB871D received at Reeves Boutique) because SMTP is disabled in settings.
INFO 2026-08-26 12:27:41,187 services 67212 64536 Restored 2 units of stock for cancelled/refunded order RB-260826-F79A2C
INFO 2026-08-26 12:27:41,192 manage_views 67212 64536 Order RB-260826-F79A2C status changed to cancelled by admin
WARNING 2026-08-26 12:27:44,178 views 67212 64536 M-Pesa callback amount mismatch for order RB-260826-3023A9: got 1 expected 2150.00
INFO 2026-08-26 12:27:44,387 views 67212 64536 M-Pesa payment confirmed for req-1 receipt PJX123ABC amount 2150.00
INFO 2026-08-26 12:27:44,397 views 67212 64536 M-Pesa callback already processed for req-1 (status completed)
INFO 2026-08-26 12:27:44,497 views 67212 64536 M-Pesa payment failed for req-1: The service request is processed successfully.
INFO 2026-08-26 12:27:44,620 views 67212 64536 M-Pesa payment failed for req-1: The service request is processed successfully.
INFO 2026-08-26 12:27:44,725 views 67212 64536 M-Pesa payment confirmed for req-1 receipt PJX123ABC amount 2150.00
INFO 2026-08-26 12:27:44,841 views 67212 64536 M-Pesa payment confirmed for req-1 receipt PJX123ABC amount 2150.00
INFO 2026-08-26 12:28:24,132 services 67212 64536 Inventory alert raised for Elegant Gown (low) by admin2
INFO 2026-08-26 12:28:35,791 emails 67212 64536 Email not sent (We received your message) because SMTP is disabled in settings.
INFO 2026-08-26 12:29:44,581 services 9576 57456 Restored 2 units of stock for cancelled/refunded order RB-260826-E9B3AA
ERROR 2026-08-26 12:29:44,638 views 63752 58248 Error handling M-Pesa callback
Traceback (most recent call last):
  File "C:\Users\ADMIN\OneDrive\Desktop\e-comerce\store\views.py", line 621, in mpesa_callback
    data = json.loads(request.body)
  File "C:\Users\ADMIN\AppData\Local\Programs\Python\Python314\Lib\json\__init__.py", line 352, in loads
    return _default_decoder.decode(s)
           ~~~~~~~~~~~~~~~~~~~~~~~^^^
  File "C:\Users\ADMIN\AppData\Local\Programs\Python\Python314\Lib\json\decoder.py", line 345, in decode
    obj, end = self.raw_decode(s, idx=_w(s, 0).end())
               ~~~~~~~~~~~~~~~^^^^^^^^^^^^^^^^^^^^^^^
  File "C:\Users\ADMIN\AppData\Local\Programs\Python\Python314\Lib\json\decoder.py", line 363, in raw_decode
    raise JSONDecodeError("Expecting value", s, err.value) from None
json.decoder.JSONDecodeError: Expecting value: line 1 column 1 (char 0)
INFO 2026-08-26 12:29:44,836 views 63752 58248 M-Pesa payment failed for req-1: processed
INFO 2026-08-26 12:29:44,850 services 63752 58248 Restored 2 units of stock for cancelled/refunded order RB-260826-692FE2
INFO 2026-08-26 12:29:44,856 emails 63752 58248 Email not sent (Payment failed for order RB-260826-692FE2) because SMTP is disabled in settings.
INFO 2026-08-26 12:29:45,131 views 63752 58248 M-Pesa payment confirmed for req-paid receipt PJXPAID1 amount 2150.00
INFO 2026-08-26 12:29:45,171 emails 63752 58248 Email not sent (Payment confirmed for order RB-260826-D8E5A7) because SMTP is disabled in settings.
INFO 2026-08-26 12:29:45,386 views 63752 58248 M-Pesa payment confirmed for req-1 receipt PJX123ABC amount 2150.00
INFO 2026-08-26 12:29:45,393 emails 63752 58248 Email not sent (Payment confirmed for order RB-260826-083891) because SMTP is disabled in settings.
WARNING 2026-08-26 12:29:45,598 views 63752 58248 M-Pesa callback for unknown CheckoutRequestID nope
INFO 2026-08-26 12:29:50,801 manage_views 56840 65484 Payment 1 approved manually for order RB-260826-2FDB04 by admin
INFO 2026-08-26 12:29:50,814 emails 56840 65484 Email not sent (Payment confirmed for order RB-260826-2FDB04) because SMTP is disabled in settings.
INFO 2026-08-26 12:29:57,906 services 66028 65608 Restored 2 units of stock for cancelled/refunded order RB-260826-8B03E2
INFO 2026-08-26 12:29:57,985 services 56840 65484 Restored 2 units of stock for cancelled/refunded order RB-260826-01E1A9
INFO 2026-08-26 12:29:57,987 manage_views 56840 65484 Payment 1 rejected for order RB-260826-01E1A9 by admin
INFO 2026-08-26 12:29:57,992 emails 56840 65484 Email not sent (Payment failed for order RB-260826-01E1A9) because SMTP is disabled in settings.
INFO 2026-08-26 12:29:58,036 mpesa 66028 65608 STK push sent for order RB-260826-61E9A0 (254712345678) checkout id ws_CO_123
INFO 2026-08-26 12:30:10,164 pos_views 66028 65608 POS shift 1 closed by cashier1
INFO 2026-08-26 12:30:23,104 manage_views 66028 65608 Return on RB-260826-9CB17B: Returnable x 1 by ret-mgr
INFO 2026-08-26 12:30:30,081 manage_views 66028 65608 Return on RB-260826-AD5779: Returnable x 1 by ret-mgr
WARNING 2026-08-26 12:30:30,447 pos 63752 58248 POS M-Pesa start failed for RB-260826-EAB633: Daraja down
INFO 2026-08-26 12:30:42,081 views 66028 65608 User logged in: jane
INFO 2026-08-26 12:30:42,861 emails 63752 58248 Email not sent (Order RB-260826-5136AA received at Reeves Boutique) because SMTP is disabled in settings.
INFO 2026-08-26 12:30:43,635 emails 63752 58248 Email not sent (Order RB-260826-740A0B received at Reeves Boutique) because SMTP is disabled in settings.
WARNING 2026-08-26 12:30:43,850 views 63752 58248 M-Pesa callback amount mismatch for order RB-260826-2BAD38: got 1 expected 2150.00
INFO 2026-08-26 12:30:44,028 views 63752 58248 M-Pesa payment confirmed for req-1 receipt PJX123ABC amount 2150.00
INFO 2026-08-26 12:30:44,041 views 63752 58248 M-Pesa callback already processed for req-1 (status completed)
INFO 2026-08-26 12:30:44,281 views 63752 58248 M-Pesa payment failed for req-1: The service request is processed successfully.
INFO 2026-08-26 12:30:44,432 views 63752 58248 M-Pesa payment failed for req-1: The service request is processed successfully.
INFO 2026-08-26 12:30:44,620 views 63752 58248 M-Pesa payment confirmed for req-1 receipt PJX123ABC amount 2150.00
INFO 2026-08-26 12:30:44,794 views 63752 58248 M-Pesa payment confirmed for req-1 receipt PJX123ABC amount 2150.00
INFO 2026-08-26 12:30:45,267 emails 66028 65608 Email not sent (Welcome to Reeves Boutique) because SMTP is disabled in settings.
INFO 2026-08-26 12:30:52,614 emails 66028 65608 Email not sent (We received your message) because SMTP is disabled in settings.
INFO 2026-08-26 12:31:18,002 services 56840 65484 Restored 2 units of stock for cancelled/refunded order RB-260826-193AD7
INFO 2026-08-26 12:31:18,008 manage_views 56840 65484 Order RB-260826-193AD7 status changed to cancelled by admin
INFO 2026-08-26 12:31:44,330 services 63752 58248 Inventory alert raised for Elegant Gown (low) by admin2
INFO 2026-08-26 14:15:58,872 autoreload 65660 54720 Watching for file changes with StatReloader
INFO 2026-08-26 14:21:44,060 log 65660 11240 "GET /manage/pos/ HTTP/1.1" 200 25079
INFO 2026-08-26 14:21:44,090 log 65660 65020 "GET /static/store.js HTTP/1.1" 304 0
INFO 2026-08-26 14:21:44,485 log 65660 11240 "GET /static/store.css HTTP/1.1" 200 73296
INFO 2026-08-26 14:21:44,516 log 65660 55448 "GET /static/pos.js HTTP/1.1" 200 21495
INFO 2026-08-26 14:21:49,435 log 65660 55448 "GET /manage/categories/ HTTP/1.1" 200 21489
INFO 2026-08-26 14:21:52,025 log 65660 55448 "GET /manage/inventory/ HTTP/1.1" 200 46270
INFO 2026-08-26 14:21:55,246 log 65660 55448 "GET /manage/coupons/ HTTP/1.1" 200 18174
INFO 2026-08-26 14:34:16,964 log 65660 46224 "GET /manage/ HTTP/1.1" 200 27307
INFO 2026-08-26 14:34:22,155 log 65660 46224 "GET /manage/products/ HTTP/1.1" 200 68507
INFO 2026-08-26 14:34:22,187 log 65660 46224 "GET /media/products/20260516_OHR.SmithRockPark_EN-US0425629050_UHD_bing.jpg HTTP/1.1" 304 0
INFO 2026-08-26 14:34:27,701 log 65660 46224 "GET /manage/ HTTP/1.1" 200 27307
INFO 2026-08-26 14:34:28,146 log 65660 46224 "GET /manage/ HTTP/1.1" 200 27307
INFO 2026-08-26 14:34:29,654 log 65660 46224 "GET /manage/ HTTP/1.1" 200 27307
INFO 2026-08-26 14:34:31,207 log 65660 46224 "GET /manage/ HTTP/1.1" 200 27307
INFO 2026-08-26 14:34:31,899 log 65660 46224 "GET /manage/ HTTP/1.1" 200 27307
INFO 2026-08-26 14:34:33,041 log 65660 46224 "GET / HTTP/1.1" 200 75940
INFO 2026-08-26 14:51:47,159 log 65660 66868 "GET /manage/ HTTP/1.1" 200 27307
INFO 2026-08-26 14:51:47,185 log 65660 66868 "GET /static/store.css HTTP/1.1" 304 0
INFO 2026-08-26 14:51:49,996 log 65660 66868 "GET /manage/ HTTP/1.1" 200 27307
INFO 2026-08-26 14:51:51,564 log 65660 66868 "GET /manage/ HTTP/1.1" 200 27307
INFO 2026-08-26 14:51:51,969 log 65660 66868 "GET /manage/ HTTP/1.1" 200 27307
INFO 2026-08-26 14:52:01,867 log 65660 66868 "GET / HTTP/1.1" 200 75940
INFO 2026-08-26 16:01:39,861 log 65660 53580 "GET /account/ HTTP/1.1" 200 11520
INFO 2026-08-26 16:01:39,893 log 65660 53580 "GET /static/store.css HTTP/1.1" 304 0
INFO 2026-08-26 16:07:29,818 log 65660 56608 "GET / HTTP/1.1" 200 75940
INFO 2026-08-26 16:08:59,154 log 65660 56608 "GET /products/ HTTP/1.1" 200 43427
INFO 2026-08-27 14:07:43,753 autoreload 15480 17072 Watching for file changes with StatReloader
INFO 2026-08-27 14:07:53,892 basehttp 15480 12732 "GET / HTTP/1.1" 200 61814
INFO 2026-08-27 14:07:54,409 basehttp 15480 12732 "GET /static/store.css HTTP/1.1" 200 73296
INFO 2026-08-27 14:07:54,534 basehttp 15480 16672 "GET /static/store.js HTTP/1.1" 200 16737
WARNING 2026-08-27 14:07:54,878 basehttp 15480 16672 "GET /favicon.ico HTTP/1.1" 404 25955
INFO 2026-08-27 14:09:32,680 basehttp 15480 3544 "GET / HTTP/1.1" 200 75940
INFO 2026-08-27 14:09:32,748 basehttp 15480 3544 "GET /static/store.css HTTP/1.1" 304 0
INFO 2026-08-27 14:09:32,777 basehttp 15480 3908 "GET /static/store.js HTTP/1.1" 304 0
WARNING 2026-08-27 14:09:34,680 basehttp 15480 3908 "GET /favicon.ico HTTP/1.1" 404 25955
INFO 2026-08-27 14:09:55,286 basehttp 15480 3908 "GET /manage/ HTTP/1.1" 200 27265
INFO 2026-08-27 14:10:01,474 basehttp 15480 3908 "GET /manage/pos/ HTTP/1.1" 200 25059
INFO 2026-08-27 14:10:01,514 basehttp 15480 3908 "GET /static/pos.js HTTP/1.1" 304 0
INFO 2026-08-27 14:10:34,036 basehttp 15480 3908 "GET /manage/orders/ HTTP/1.1" 200 20945
INFO 2026-08-27 14:10:37,048 basehttp 15480 3908 "GET /manage/pos/ HTTP/1.1" 200 25059
INFO 2026-08-27 14:10:44,746 basehttp 15480 3908 "GET /manage/products/ HTTP/1.1" 200 68486
INFO 2026-08-27 14:10:44,793 basehttp 15480 3908 "GET /media/products/20260516_OHR.SmithRockPark_EN-US0425629050_UHD_bing.jpg HTTP/1.1" 304 0
INFO 2026-08-27 14:11:12,071 basehttp 15480 3908 "GET /manage/analytics/ HTTP/1.1" 200 23550
INFO 2026-08-27 14:11:18,751 basehttp 15480 3908 "GET /manage/reviews/ HTTP/1.1" 200 18375
INFO 2026-08-27 14:11:22,353 basehttp 15480 3908 "GET /manage/customers/ HTTP/1.1" 200 18980
INFO 2026-08-27 14:11:27,883 basehttp 15480 3908 "GET /manage/orders/ HTTP/1.1" 200 20945
INFO 2026-08-27 14:11:34,201 basehttp 15480 3908 "GET /manage/ HTTP/1.1" 200 27265
INFO 2026-08-27 14:11:59,833 basehttp 15480 3908 "GET /manage/notifications/ HTTP/1.1" 200 19759
INFO 2026-08-27 14:12:01,470 basehttp 15480 3908 "GET /manage/pos/ HTTP/1.1" 200 25059
INFO 2026-08-27 14:12:05,257 basehttp 15480 3908 "GET /manage/products/ HTTP/1.1" 200 68486
INFO 2026-08-27 14:12:35,080 basehttp 15480 3908 "GET /manage/ HTTP/1.1" 200 27265
INFO 2026-08-27 14:16:37,940 basehttp 15480 3908 "GET /manage/customers/ HTTP/1.1" 200 18980
INFO 2026-08-27 14:16:42,944 basehttp 15480 3908 "GET /manage/reviews/ HTTP/1.1" 200 18375
INFO 2026-08-27 14:16:46,871 basehttp 15480 3908 "GET /manage/reviews/ HTTP/1.1" 200 18375
INFO 2026-08-27 14:17:12,277 basehttp 15480 3908 "GET /manage/coupons/ HTTP/1.1" 200 18154
INFO 2026-08-27 14:17:14,720 basehttp 15480 3908 "GET /manage/payments/ HTTP/1.1" 200 20059
INFO 2026-08-27 14:17:20,786 basehttp 15480 3908 "GET /manage/pos/ HTTP/1.1" 200 25059
INFO 2026-08-27 14:24:28,873 basehttp 15480 16780 "GET /manage/notifications/ HTTP/1.1" 200 19759
INFO 2026-08-27 14:24:30,165 basehttp 15480 16780 "GET /manage/ HTTP/1.1" 200 27265
INFO 2026-08-27 14:24:43,985 basehttp 15480 16780 "GET /manage/products/add/ HTTP/1.1" 200 22930
INFO 2026-08-27 14:24:52,528 basehttp 15480 16780 "GET /manage/customers/ HTTP/1.1" 200 18980
INFO 2026-08-27 14:24:54,830 basehttp 15480 16780 "GET /manage/inventory/ HTTP/1.1" 200 46246
INFO 2026-08-27 14:26:20,267 basehttp 15480 16780 "POST /account/logout/ HTTP/1.1" 302 0
INFO 2026-08-27 14:26:20,387 basehttp 15480 16780 "GET / HTTP/1.1" 200 61814
INFO 2026-08-27 14:26:29,435 basehttp 15480 16780 "GET /products/wrap-maxi-skirt/ HTTP/1.1" 200 24038
INFO 2026-08-27 14:26:32,493 basehttp 15480 16780 "POST /cart/add/3/ HTTP/1.1" 302 0
INFO 2026-08-27 14:26:32,557 basehttp 15480 16780 "GET /cart/ HTTP/1.1" 200 11968
INFO 2026-08-27 14:26:39,610 basehttp 15480 16780 "GET /cart/ HTTP/1.1" 200 11551
INFO 2026-08-27 14:26:45,830 basehttp 15480 16780 "POST /cart/update/3/ HTTP/1.1" 302 0
INFO 2026-08-27 14:26:45,906 basehttp 15480 16780 "GET /cart/ HTTP/1.1" 200 11874
INFO 2026-08-27 14:26:49,306 basehttp 15480 16780 "GET /checkout/ HTTP/1.1" 200 13017
ERROR 2026-08-27 14:28:15,958 emails 15480 16780 Email failed to aserozalin@gmail.com (Order RB-260827-FCFC5E received at Reeves Boutique): [Errno 11001] getaddrinfo failed
INFO 2026-08-27 14:28:15,971 basehttp 15480 16780 "POST /checkout/ HTTP/1.1" 302 0
INFO 2026-08-27 14:28:16,064 basehttp 15480 16780 "GET /orders/RB-260827-FCFC5E/ HTTP/1.1" 200 10752
INFO 2026-08-27 14:28:29,817 basehttp 15480 16780 "GET /account/register/ HTTP/1.1" 200 10846
INFO 2026-08-27 14:28:33,980 basehttp 15480 16780 "GET /products/ HTTP/1.1" 200 35611
INFO 2026-08-27 14:28:37,631 basehttp 15480 16780 "GET /account/login/ HTTP/1.1" 200 10154
INFO 2026-08-27 14:28:43,692 views 15480 16780 User logged in: jonnie
INFO 2026-08-27 14:28:43,712 basehttp 15480 16780 "POST /account/login/ HTTP/1.1" 302 0
INFO 2026-08-27 14:28:43,808 basehttp 15480 16780 "GET /account/ HTTP/1.1" 200 11520
INFO 2026-08-27 14:28:46,562 basehttp 15480 16780 "GET /account/orders/ HTTP/1.1" 200 11155
INFO 2026-08-27 14:28:52,312 basehttp 15480 16780 "GET /account/notifications/ HTTP/1.1" 200 11760
INFO 2026-08-27 14:28:59,903 basehttp 15480 16780 "POST /account/notifications/clear/ HTTP/1.1" 302 0
INFO 2026-08-27 14:28:59,968 basehttp 15480 16780 "GET /account/notifications/ HTTP/1.1" 200 12176
INFO 2026-08-27 14:29:07,220 basehttp 15480 16780 "GET /manage/ HTTP/1.1" 200 29670
INFO 2026-08-27 14:29:10,965 basehttp 15480 16780 "GET /manage/orders/ HTTP/1.1" 200 22893
INFO 2026-08-27 14:29:36,350 basehttp 15480 16780 "GET /manage/settings/ HTTP/1.1" 200 25368
INFO 2026-08-27 14:29:53,295 basehttp 15480 16780 "POST /manage/notifications/clear/ HTTP/1.1" 302 0
INFO 2026-08-27 14:29:53,483 basehttp 15480 16780 "GET /manage/ HTTP/1.1" 200 29118
INFO 2026-08-27 14:29:56,989 basehttp 15480 16780 "GET / HTTP/1.1" 200 75940
INFO 2026-09-07 10:51:17,318 autoreload 20104 10412 Watching for file changes with StatReloader
INFO 2026-09-07 10:51:39,106 autoreload 8124 1740 Watching for file changes with StatReloader
INFO 2026-09-07 10:52:00,745 log 8124 11824 "GET / HTTP/1.1" 200 61814
INFO 2026-09-07 10:52:01,055 log 8124 14980 "GET /static/store.js HTTP/1.1" 200 16737
INFO 2026-09-07 10:52:01,064 log 8124 11824 "GET /static/store.css HTTP/1.1" 200 73296
WARNING 2026-09-07 10:52:01,578 log 8124 11824 "GET /favicon.ico HTTP/1.1" 404 25955
